Country,State,Year,Road Environment,Rank Of Persons Killed,Rank Of Total Accidents,"Number Of Persons Greviously Injured (UOM:Number), Scaling Factor:1","Number Of Persons Killed (UOM:Number), Scaling Factor:1","Number Of Persons With Minor Injury (UOM:Number), Scaling Factor:1","Total Accidents (UOM:Number), Scaling Factor:1","Total Number Of Persons Injured (UOM:Number), Scaling Factor:1"
India,Andaman and Nicobar Islands,"Calendar Year (Jan - Dec), 2023",Institutional Area,,,14,5,19,30,33
India,Andaman and Nicobar Islands,"Calendar Year (Jan - Dec), 2023",Market/ Commercial Area,,,21,4,24,46,45
India,Andaman and Nicobar Islands,"Calendar Year (Jan - Dec), 2023",Open Area,,,7,3,16,16,23
India,Andaman and Nicobar Islands,"Calendar Year (Jan - Dec), 2023",Others,,,0,0,0,0,0
India,Andaman and Nicobar Islands,"Calendar Year (Jan - Dec), 2023",Residential Area,,,18,12,35,51,53
India,Andhra Pradesh,"Calendar Year (Jan - Dec), 2023",Institutional Area,,,465,461,908,1278,1373
India,Andhra Pradesh,"Calendar Year (Jan - Dec), 2023",Market/ Commercial Area,,,863,926,1861,2882,2724
India,Andhra Pradesh,"Calendar Year (Jan - Dec), 2023",Open Area,,,2435,4731,8086,10134,10521
India,Andhra Pradesh,"Calendar Year (Jan - Dec), 2023",Others,,,538,426,692,1089,1230
India,Andhra Pradesh,"Calendar Year (Jan - Dec), 2023",Residential Area,,,1506,1593,3055,4566,4561
India,Arunachal Pradesh,"Calendar Year (Jan - Dec), 2023",Institutional Area,,,18,7,9,26,27
India,Arunachal Pradesh,"Calendar Year (Jan - Dec), 2023",Market/ Commercial Area,,,35,35,19,79,54
India,Arunachal Pradesh,"Calendar Year (Jan - Dec), 2023",Open Area,,,77,75,35,116,112
India,Arunachal Pradesh,"Calendar Year (Jan - Dec), 2023",Others,,,19,13,9,28,28
India,Arunachal Pradesh,"Calendar Year (Jan - Dec), 2023",Residential Area,,,25,15,11,38,36
India,Assam,"Calendar Year (Jan - Dec), 2023",Institutional Area,,,505,251,75,658,580
India,Assam,"Calendar Year (Jan - Dec), 2023",Market/ Commercial Area,,,1240,779,127,1803,1367
India,Assam,"Calendar Year (Jan - Dec), 2023",Open Area,,,1828,1207,166,2525,1994
India,Assam,"Calendar Year (Jan - Dec), 2023",Others,,,614,357,51,830,665
India,Assam,"Calendar Year (Jan - Dec), 2023",Residential Area,,,1189,702,122,1605,1311
India,Bihar,"Calendar Year (Jan - Dec), 2023",Institutional Area,,,341,389,45,513,386
India,Bihar,"Calendar Year (Jan - Dec), 2023",Market/ Commercial Area,,,1067,1521,134,1942,1201
India,Bihar,"Calendar Year (Jan - Dec), 2023",Open Area,,,2774,4313,210,5244,2984
India,Bihar,"Calendar Year (Jan - Dec), 2023",Others,,,171,262,20,360,191
India,Bihar,"Calendar Year (Jan - Dec), 2023",Residential Area,,,1614,2388,163,2955,1777
India,Chandigarh,"Calendar Year (Jan - Dec), 2023",Institutional Area,,,1,6,18,18,19
India,Chandigarh,"Calendar Year (Jan - Dec), 2023",Market/ Commercial Area,,,0,7,16,22,16
India,Chandigarh,"Calendar Year (Jan - Dec), 2023",Open Area,,,1,52,116,124,117
India,Chandigarh,"Calendar Year (Jan - Dec), 2023",Others,,,0,0,0,0,0
India,Chandigarh,"Calendar Year (Jan - Dec), 2023",Residential Area,,,0,2,19,18,19
India,Chhattisgarh,"Calendar Year (Jan - Dec), 2023",Institutional Area,,,67,123,299,377,366
India,Chhattisgarh,"Calendar Year (Jan - Dec), 2023",Market/ Commercial Area,,,190,331,1173,1612,1363
India,Chhattisgarh,"Calendar Year (Jan - Dec), 2023",Open Area,,,1011,4036,5579,7489,6590
India,Chhattisgarh,"Calendar Year (Jan - Dec), 2023",Others,,,51,248,387,520,438
India,Chhattisgarh,"Calendar Year (Jan - Dec), 2023",Residential Area,,,538,1428,2428,3470,2966
India,Delhi,"Calendar Year (Jan - Dec), 2023",Institutional Area,,,21,90,568,413,589
India,Delhi,"Calendar Year (Jan - Dec), 2023",Market/ Commercial Area,,,49,198,914,963,963
India,Delhi,"Calendar Year (Jan - Dec), 2023",Open Area,,,53,645,1889,2403,1942
India,Delhi,"Calendar Year (Jan - Dec), 2023",Others,,,45,359,1167,1253,1212
India,Delhi,"Calendar Year (Jan - Dec), 2023",Residential Area,,,85,165,679,802,764
India,Goa,"Calendar Year (Jan - Dec), 2023",Institutional Area,,,46,43,90,384,136
India,Goa,"Calendar Year (Jan - Dec), 2023",Market/ Commercial Area,,,74,35,157,469,231
India,Goa,"Calendar Year (Jan - Dec), 2023",Open Area,,,95,82,294,893,389
India,Goa,"Calendar Year (Jan - Dec), 2023",Others,,,0,0,0,0,0
India,Goa,"Calendar Year (Jan - Dec), 2023",Residential Area,,,94,130,328,1100,422
India,Gujarat,"Calendar Year (Jan - Dec), 2023",Institutional Area,,,723,564,458,1401,1181
India,Gujarat,"Calendar Year (Jan - Dec), 2023",Market/ Commercial Area,,,1197,847,780,2264,1977
India,Gujarat,"Calendar Year (Jan - Dec), 2023",Open Area,,,5196,4843,3535,8978,8731
India,Gujarat,"Calendar Year (Jan - Dec), 2023",Others,,,232,181,135,324,367
India,Gujarat,"Calendar Year (Jan - Dec), 2023",Residential Area,,,1928,1419,1199,3382,3127
India,Haryana,"Calendar Year (Jan - Dec), 2023",Institutional Area,,,185,256,274,569,459
India,Haryana,"Calendar Year (Jan - Dec), 2023",Market/ Commercial Area,,,602,640,712,1634,1314
India,Haryana,"Calendar Year (Jan - Dec), 2023",Open Area,,,1475,2577,2351,4784,3826
India,Haryana,"Calendar Year (Jan - Dec), 2023",Others,,,369,780,1174,1821,1543
India,Haryana,"Calendar Year (Jan - Dec), 2023",Residential Area,,,522,715,682,1655,1204
India,Himachal Pradesh,"Calendar Year (Jan - Dec), 2023",Institutional Area,,,28,46,132,102,160
India,Himachal Pradesh,"Calendar Year (Jan - Dec), 2023",Market/ Commercial Area,,,217,166,377,479,594
India,Himachal Pradesh,"Calendar Year (Jan - Dec), 2023",Open Area,,,400,498,1340,1103,1740
India,Himachal Pradesh,"Calendar Year (Jan - Dec), 2023",Others,,,99,71,223,218,322
India,Himachal Pradesh,"Calendar Year (Jan - Dec), 2023",Residential Area,,,162,108,326,351,488
India,Jammu and Kashmir,"Calendar Year (Jan - Dec), 2023",Institutional Area,,,201,31,44,132,245
India,Jammu and Kashmir,"Calendar Year (Jan - Dec), 2023",Market/ Commercial Area,,,413,93,812,1196,1225
India,Jammu and Kashmir,"Calendar Year (Jan - Dec), 2023",Open Area,,,1954,415,1343,2085,3297
India,Jammu and Kashmir,"Calendar Year (Jan - Dec), 2023",Others,,,1521,217,1025,1660,2546
India,Jammu and Kashmir,"Calendar Year (Jan - Dec), 2023",Residential Area,,,392,137,764,1225,1156
India,Jharkhand,"Calendar Year (Jan - Dec), 2023",Institutional Area,,,206,305,50,387,256
India,Jharkhand,"Calendar Year (Jan - Dec), 2023",Market/ Commercial Area,,,474,567,129,900,603
India,Jharkhand,"Calendar Year (Jan - Dec), 2023",Open Area,,,1250,1997,296,2353,1546
India,Jharkhand,"Calendar Year (Jan - Dec), 2023",Others,,,146,170,81,258,227
India,Jharkhand,"Calendar Year (Jan - Dec), 2023",Residential Area,,,836,1134,117,1417,953
India,Karnataka,"Calendar Year (Jan - Dec), 2023",Institutional Area,,,1490,463,1132,2249,2622
India,Karnataka,"Calendar Year (Jan - Dec), 2023",Market/ Commercial Area,,,3177,1074,2563,4814,5740
India,Karnataka,"Calendar Year (Jan - Dec), 2023",Open Area,,,16534,8947,18009,28134,34543
India,Karnataka,"Calendar Year (Jan - Dec), 2023",Others,,,1287,487,1112,1949,2399
India,Karnataka,"Calendar Year (Jan - Dec), 2023",Residential Area,,,4130,1350,3113,6294,7243
India,Kerala,"Calendar Year (Jan - Dec), 2023",Institutional Area,,,1771,170,901,2305,2672
India,Kerala,"Calendar Year (Jan - Dec), 2023",Market/ Commercial Area,,,4940,443,2198,6409,7138
India,Kerala,"Calendar Year (Jan - Dec), 2023",Open Area,,,10499,1229,4807,13478,15306
India,Kerala,"Calendar Year (Jan - Dec), 2023",Others,,,15214,1634,6484,19249,21698
India,Kerala,"Calendar Year (Jan - Dec), 2023",Residential Area,,,5284,604,2222,6650,7506
India,Ladakh,"Calendar Year (Jan - Dec), 2023",Institutional Area,,,0,0,13,8,13
India,Ladakh,"Calendar Year (Jan - Dec), 2023",Market/ Commercial Area,,,7,5,59,47,66
India,Ladakh,"Calendar Year (Jan - Dec), 2023",Open Area,,,26,35,138,160,164
India,Ladakh,"Calendar Year (Jan - Dec), 2023",Others,,,2,5,17,14,19
India,Ladakh,"Calendar Year (Jan - Dec), 2023",Residential Area,,,11,14,67,60,78
India,Lakshadweep,"Calendar Year (Jan - Dec), 2023",Institutional Area,,,0,0,0,0,0
India,Lakshadweep,"Calendar Year (Jan - Dec), 2023",Market/ Commercial Area,,,0,0,0,0,0
India,Lakshadweep,"Calendar Year (Jan - Dec), 2023",Open Area,,,0,0,0,0,0
India,Lakshadweep,"Calendar Year (Jan - Dec), 2023",Others,,,0,0,0,0,0
India,Lakshadweep,"Calendar Year (Jan - Dec), 2023",Residential Area,,,1,0,0,1,1
India,Madhya Pradesh,"Calendar Year (Jan - Dec), 2023",Institutional Area,,,540,524,2301,2839,2841
India,Madhya Pradesh,"Calendar Year (Jan - Dec), 2023",Market/ Commercial Area,,,1263,1223,5600,7419,6863
India,Madhya Pradesh,"Calendar Year (Jan - Dec), 2023",Open Area,,,3928,7923,22680,25521,26608
India,Madhya Pradesh,"Calendar Year (Jan - Dec), 2023",Others,,,1474,1938,7547,8931,9021
India,Madhya Pradesh,"Calendar Year (Jan - Dec), 2023",Residential Area,,,1846,2190,8590,10617,10436
India,Maharashtra,"Calendar Year (Jan - Dec), 2023",Institutional Area,,,1027,689,509,1812,1536
India,Maharashtra,"Calendar Year (Jan - Dec), 2023",Market/ Commercial Area,,,1775,1138,902,3283,2677
India,Maharashtra,"Calendar Year (Jan - Dec), 2023",Open Area,,,13317,10166,4472,21150,17789
India,Maharashtra,"Calendar Year (Jan - Dec), 2023",Others,,,5,4,5,9,10
India,Maharashtra,"Calendar Year (Jan - Dec), 2023",Residential Area,,,5322,3369,2430,8989,7752
India,Manipur,"Calendar Year (Jan - Dec), 2023",Institutional Area,,,13,7,47,38,60
India,Manipur,"Calendar Year (Jan - Dec), 2023",Market/ Commercial Area,,,43,16,127,107,170
India,Manipur,"Calendar Year (Jan - Dec), 2023",Open Area,,,61,23,84,101,145
India,Manipur,"Calendar Year (Jan - Dec), 2023",Others,,,2,2,0,3,2
India,Manipur,"Calendar Year (Jan - Dec), 2023",Residential Area,,,78,25,179,149,257
India,Meghalaya,"Calendar Year (Jan - Dec), 2023",Institutional Area,,,4,9,3,12,7
India,Meghalaya,"Calendar Year (Jan - Dec), 2023",Market/ Commercial Area,,,10,15,9,24,19
India,Meghalaya,"Calendar Year (Jan - Dec), 2023",Open Area,,,44,53,38,71,82
India,Meghalaya,"Calendar Year (Jan - Dec), 2023",Others,,,9,21,3,20,12
India,Meghalaya,"Calendar Year (Jan - Dec), 2023",Residential Area,,,114,70,25,96,139
India,Mizoram,"Calendar Year (Jan - Dec), 2023",Institutional Area,,,0,0,0,0,0
India,Mizoram,"Calendar Year (Jan - Dec), 2023",Market/ Commercial Area,,,3,10,3,12,6
India,Mizoram,"Calendar Year (Jan - Dec), 2023",Open Area,,,25,51,59,50,84
India,Mizoram,"Calendar Year (Jan - Dec), 2023",Others,,,0,5,0,5,0
India,Mizoram,"Calendar Year (Jan - Dec), 2023",Residential Area,,,12,30,14,39,26
India,Nagaland,"Calendar Year (Jan - Dec), 2023",Institutional Area,,,7,5,12,25,19
India,Nagaland,"Calendar Year (Jan - Dec), 2023",Market/ Commercial Area,,,39,27,58,143,97
India,Nagaland,"Calendar Year (Jan - Dec), 2023",Open Area,,,50,38,31,63,81
India,Nagaland,"Calendar Year (Jan - Dec), 2023",Others,,,0,8,0,1,0
India,Nagaland,"Calendar Year (Jan - Dec), 2023",Residential Area,,,18,8,42,71,60
India,Odisha,"Calendar Year (Jan - Dec), 2023",Institutional Area,,,522,354,253,818,775
India,Odisha,"Calendar Year (Jan - Dec), 2023",Market/ Commercial Area,,,1136,847,746,2090,1882
India,Odisha,"Calendar Year (Jan - Dec), 2023",Open Area,,,2898,3003,2068,5879,4966
India,Odisha,"Calendar Year (Jan - Dec), 2023",Others,,,668,547,318,1174,986
India,Odisha,"Calendar Year (Jan - Dec), 2023",Residential Area,,,1113,988,647,2031,1760
India,Puducherry,"Calendar Year (Jan - Dec), 2023",Institutional Area,,,74,19,41,113,115
India,Puducherry,"Calendar Year (Jan - Dec), 2023",Market/ Commercial Area,,,253,31,592,677,845
India,Puducherry,"Calendar Year (Jan - Dec), 2023",Open Area,,,98,20,80,171,178
India,Puducherry,"Calendar Year (Jan - Dec), 2023",Others,,,24,1,36,28,60
India,Puducherry,"Calendar Year (Jan - Dec), 2023",Residential Area,,,154,78,226,319,380
India,Punjab,"Calendar Year (Jan - Dec), 2023",Institutional Area,,,179,365,108,513,287
India,Punjab,"Calendar Year (Jan - Dec), 2023",Market/ Commercial Area,,,334,587,161,867,495
India,Punjab,"Calendar Year (Jan - Dec), 2023",Open Area,,,1172,2457,401,3155,1573
India,Punjab,"Calendar Year (Jan - Dec), 2023",Others,,,271,705,76,798,347
India,Punjab,"Calendar Year (Jan - Dec), 2023",Residential Area,,,362,715,142,936,504
India,Rajasthan,"Calendar Year (Jan - Dec), 2023",Institutional Area,,,299,314,578,867,877
India,Rajasthan,"Calendar Year (Jan - Dec), 2023",Market/ Commercial Area,,,572,756,1598,2336,2170
India,Rajasthan,"Calendar Year (Jan - Dec), 2023",Open Area,,,4150,8523,10859,16030,15009
India,Rajasthan,"Calendar Year (Jan - Dec), 2023",Others,,,693,1047,1287,2197,1980
India,Rajasthan,"Calendar Year (Jan - Dec), 2023",Residential Area,,,646,1122,2359,3264,3005
India,Sikkim,"Calendar Year (Jan - Dec), 2023",Institutional Area,,,14,4,10,11,24
India,Sikkim,"Calendar Year (Jan - Dec), 2023",Market/ Commercial Area,,,21,5,3,22,24
India,Sikkim,"Calendar Year (Jan - Dec), 2023",Open Area,,,85,32,119,80,204
India,Sikkim,"Calendar Year (Jan - Dec), 2023",Others,,,8,8,1,18,9
India,Sikkim,"Calendar Year (Jan - Dec), 2023",Residential Area,,,24,8,77,51,101
India,Tamil Nadu,"Calendar Year (Jan - Dec), 2023",Institutional Area,,,4584,2595,6830,10659,11414
India,Tamil Nadu,"Calendar Year (Jan - Dec), 2023",Market/ Commercial Area,,,6964,4276,10911,17237,17875
India,Tamil Nadu,"Calendar Year (Jan - Dec), 2023",Open Area,,,8844,7665,18453,24612,27297
India,Tamil Nadu,"Calendar Year (Jan - Dec), 2023",Others,,,105,160,425,460,530
India,Tamil Nadu,"Calendar Year (Jan - Dec), 2023",Residential Area,,,5874,3651,9302,14245,15176
India,Telangana,"Calendar Year (Jan - Dec), 2023",Institutional Area,,,102,123,514,709,616
India,Telangana,"Calendar Year (Jan - Dec), 2023",Market/ Commercial Area,,,298,460,2272,2810,2570
India,Telangana,"Calendar Year (Jan - Dec), 2023",Open Area,,,1494,4234,7838,9931,9332
India,Telangana,"Calendar Year (Jan - Dec), 2023",Others,,,185,1461,3907,4692,4092
India,Telangana,"Calendar Year (Jan - Dec), 2023",Residential Area,,,1092,1382,3320,4761,4412
India,The Dadra and Nagar Haveli and Daman and Diu,"Calendar Year (Jan - Dec), 2023",Institutional Area,,,13,11,10,20,23
India,The Dadra and Nagar Haveli and Daman and Diu,"Calendar Year (Jan - Dec), 2023",Market/ Commercial Area,,,30,25,17,53,47
India,The Dadra and Nagar Haveli and Daman and Diu,"Calendar Year (Jan - Dec), 2023",Open Area,,,22,9,44,34,66
India,The Dadra and Nagar Haveli and Daman and Diu,"Calendar Year (Jan - Dec), 2023",Others,,,0,0,0,0,0
India,The Dadra and Nagar Haveli and Daman and Diu,"Calendar Year (Jan - Dec), 2023",Residential Area,,,63,29,34,75,97
India,Tripura,"Calendar Year (Jan - Dec), 2023",Institutional Area,,,48,23,0,49,48
India,Tripura,"Calendar Year (Jan - Dec), 2023",Market/ Commercial Area,,,80,34,2,85,82
India,Tripura,"Calendar Year (Jan - Dec), 2023",Open Area,,,119,54,0,101,119
India,Tripura,"Calendar Year (Jan - Dec), 2023",Others,,,0,0,0,0,0
India,Tripura,"Calendar Year (Jan - Dec), 2023",Residential Area,,,359,150,1,342,360
India,Uttar Pradesh,"Calendar Year (Jan - Dec), 2023",Institutional Area,,,2236,2348,1252,4520,3488
India,Uttar Pradesh,"Calendar Year (Jan - Dec), 2023",Market/ Commercial Area,,,3479,3817,2095,7473,5574
India,Uttar Pradesh,"Calendar Year (Jan - Dec), 2023",Open Area,,,7316,9805,4028,17636,11344
India,Uttar Pradesh,"Calendar Year (Jan - Dec), 2023",Others,,,2876,3284,1854,6333,4730
India,Uttar Pradesh,"Calendar Year (Jan - Dec), 2023",Residential Area,,,3864,4398,2098,8572,5962
India,Uttarakhand,"Calendar Year (Jan - Dec), 2023",Institutional Area,,,28,27,14,54,42
India,Uttarakhand,"Calendar Year (Jan - Dec), 2023",Market/ Commercial Area,,,182,165,65,344,247
India,Uttarakhand,"Calendar Year (Jan - Dec), 2023",Open Area,,,647,642,203,906,850
India,Uttarakhand,"Calendar Year (Jan - Dec), 2023",Others,,,71,54,6,71,77
India,Uttarakhand,"Calendar Year (Jan - Dec), 2023",Residential Area,,,176,166,96,316,272
India,West Bengal,"Calendar Year (Jan - Dec), 2023",Institutional Area,,,279,182,38,368,317
India,West Bengal,"Calendar Year (Jan - Dec), 2023",Market/ Commercial Area,,,1837,952,288,2407,2125
India,West Bengal,"Calendar Year (Jan - Dec), 2023",Open Area,,,3888,2356,753,4944,4641
India,West Bengal,"Calendar Year (Jan - Dec), 2023",Others,,,1325,579,313,1688,1638
India,West Bengal,"Calendar Year (Jan - Dec), 2023",Residential Area,,,3404,1958,490,4388,3894
India,Andaman and Nicobar Islands,"Calendar Year (Jan - Dec), 2022",Institutional Area,,,11,4,13,26,24
India,Andaman and Nicobar Islands,"Calendar Year (Jan - Dec), 2022",Market/ Commercial Area,,,21,4,30,44,51
India,Andaman and Nicobar Islands,"Calendar Year (Jan - Dec), 2022",Open Area,,,7,1,6,14,13
India,Andaman and Nicobar Islands,"Calendar Year (Jan - Dec), 2022",Others,,,0,0,0,0,0
India,Andaman and Nicobar Islands,"Calendar Year (Jan - Dec), 2022",Residential Area,,,21,10,27,57,48
India,Andhra Pradesh,"Calendar Year (Jan - Dec), 2022",Institutional Area,,,309,404,820,1168,1129
India,Andhra Pradesh,"Calendar Year (Jan - Dec), 2022",Market/ Commercial Area,,,815,883,1691,2768,2506
India,Andhra Pradesh,"Calendar Year (Jan - Dec), 2022",Open Area,,,2873,5064,9424,11665,12297
India,Andhra Pradesh,"Calendar Year (Jan - Dec), 2022",Others,,,499,382,501,1116,1000
India,Andhra Pradesh,"Calendar Year (Jan - Dec), 2022",Residential Area,,,1298,1560,3110,4532,4408
India,Arunachal Pradesh,"Calendar Year (Jan - Dec), 2022",Institutional Area,,,15,10,4,21,19
India,Arunachal Pradesh,"Calendar Year (Jan - Dec), 2022",Market/ Commercial Area,,,32,35,14,53,46
India,Arunachal Pradesh,"Calendar Year (Jan - Dec), 2022",Open Area,,,61,70,18,105,79
India,Arunachal Pradesh,"Calendar Year (Jan - Dec), 2022",Others,,,12,15,3,19,15
India,Arunachal Pradesh,"Calendar Year (Jan - Dec), 2022",Residential Area,,,22,18,5,29,27
India,Assam,"Calendar Year (Jan - Dec), 2022",Institutional Area,,,609,295,82,808,691
India,Assam,"Calendar Year (Jan - Dec), 2022",Market/ Commercial Area,,,928,529,111,1327,1039
India,Assam,"Calendar Year (Jan - Dec), 2022",Open Area,,,1526,1045,144,2220,1670
India,Assam,"Calendar Year (Jan - Dec), 2022",Others,,,446,302,64,673,510
India,Assam,"Calendar Year (Jan - Dec), 2022",Residential Area,,,1542,823,185,1995,1727
India,Bihar,"Calendar Year (Jan - Dec), 2022",Institutional Area,,,421,550,6,658,427
India,Bihar,"Calendar Year (Jan - Dec), 2022",Market/ Commercial Area,,,1076,1192,48,1595,1124
India,Bihar,"Calendar Year (Jan - Dec), 2022",Open Area,,,3703,5171,85,6093,3788
India,Bihar,"Calendar Year (Jan - Dec), 2022",Others,,,129,153,1,183,130
India,Bihar,"Calendar Year (Jan - Dec), 2022",Residential Area,,,1547,1832,52,2272,1599
India,Chandigarh,"Calendar Year (Jan - Dec), 2022",Institutional Area,,,1,1,12,12,13
India,Chandigarh,"Calendar Year (Jan - Dec), 2022",Market/ Commercial Area,,,0,4,2,6,2
India,Chandigarh,"Calendar Year (Jan - Dec), 2022",Open Area,,,16,73,162,201,178
India,Chandigarh,"Calendar Year (Jan - Dec), 2022",Others,,,0,0,0,0,0
India,Chandigarh,"Calendar Year (Jan - Dec), 2022",Residential Area,,,1,5,9,18,10
India,Chhattisgarh,"Calendar Year (Jan - Dec), 2022",Institutional Area,,,100,160,376,458,476
India,Chhattisgarh,"Calendar Year (Jan - Dec), 2022",Market/ Commercial Area,,,167,336,1123,1408,1290
India,Chhattisgarh,"Calendar Year (Jan - Dec), 2022",Open Area,,,959,3606,5500,7409,6459
India,Chhattisgarh,"Calendar Year (Jan - Dec), 2022",Others,,,121,362,480,717,601
India,Chhattisgarh,"Calendar Year (Jan - Dec), 2022",Residential Area,,,477,1370,2392,3287,2869
India,Delhi,"Calendar Year (Jan - Dec), 2022",Institutional Area,,,40,135,289,413,329
India,Delhi,"Calendar Year (Jan - Dec), 2022",Market/ Commercial Area,,,18,184,621,708,639
India,Delhi,"Calendar Year (Jan - Dec), 2022",Open Area,,,43,624,1880,2291,1923
India,Delhi,"Calendar Year (Jan - Dec), 2022",Others,,,36,366,1548,1583,1584
India,Delhi,"Calendar Year (Jan - Dec), 2022",Residential Area,,,101,152,625,657,726
India,Goa,"Calendar Year (Jan - Dec), 2022",Institutional Area,,,7,11,41,114,48
India,Goa,"Calendar Year (Jan - Dec), 2022",Market/ Commercial Area,,,62,55,183,706,245
India,Goa,"Calendar Year (Jan - Dec), 2022",Open Area,,,116,120,314,1229,430
India,Goa,"Calendar Year (Jan - Dec), 2022",Others,,,0,0,0,0,0
India,Goa,"Calendar Year (Jan - Dec), 2022",Residential Area,,,83,85,285,962,368
India,Gujarat,"Calendar Year (Jan - Dec), 2022",Institutional Area,,,703,526,452,1204,1155
India,Gujarat,"Calendar Year (Jan - Dec), 2022",Market/ Commercial Area,,,1228,877,760,2197,1988
India,Gujarat,"Calendar Year (Jan - Dec), 2022",Open Area,,,4915,4804,3773,8626,8688
India,Gujarat,"Calendar Year (Jan - Dec), 2022",Others,,,62,41,46,171,108
India,Gujarat,"Calendar Year (Jan - Dec), 2022",Residential Area,,,1874,1370,1276,3553,3150
India,Haryana,"Calendar Year (Jan - Dec), 2022",Institutional Area,,,79,291,574,662,653
India,Haryana,"Calendar Year (Jan - Dec), 2022",Market/ Commercial Area,,,247,486,981,1367,1228
India,Haryana,"Calendar Year (Jan - Dec), 2022",Open Area,,,776,2195,2379,4323,3155
India,Haryana,"Calendar Year (Jan - Dec), 2022",Others,,,371,1289,1954,2622,2325
India,Haryana,"Calendar Year (Jan - Dec), 2022",Residential Area,,,204,654,954,1455,1158
India,Himachal Pradesh,"Calendar Year (Jan - Dec), 2022",Institutional Area,,,148,94,154,274,302
India,Himachal Pradesh,"Calendar Year (Jan - Dec), 2022",Market/ Commercial Area,,,206,95,250,369,456
India,Himachal Pradesh,"Calendar Year (Jan - Dec), 2022",Open Area,,,798,760,2177,1719,2975
India,Himachal Pradesh,"Calendar Year (Jan - Dec), 2022",Others,,,42,40,89,88,131
India,Himachal Pradesh,"Calendar Year (Jan - Dec), 2022",Residential Area,,,69,43,130,147,199
India,Jammu and Kashmir,"Calendar Year (Jan - Dec), 2022",Institutional Area,,,164,19,92,131,256
India,Jammu and Kashmir,"Calendar Year (Jan - Dec), 2022",Market/ Commercial Area,,,340,86,1012,1236,1352
India,Jammu and Kashmir,"Calendar Year (Jan - Dec), 2022",Open Area,,,1420,385,1996,1988,3416
India,Jammu and Kashmir,"Calendar Year (Jan - Dec), 2022",Others,,,1129,194,1265,1424,2394
India,Jammu and Kashmir,"Calendar Year (Jan - Dec), 2022",Residential Area,,,274,121,680,1313,954
India,Jharkhand,"Calendar Year (Jan - Dec), 2022",Institutional Area,,,174,247,39,329,213
India,Jharkhand,"Calendar Year (Jan - Dec), 2022",Market/ Commercial Area,,,474,515,140,797,614
India,Jharkhand,"Calendar Year (Jan - Dec), 2022",Open Area,,,1569,2037,363,2534,1932
India,Jharkhand,"Calendar Year (Jan - Dec), 2022",Others,,,191,384,42,485,233
India,Jharkhand,"Calendar Year (Jan - Dec), 2022",Residential Area,,,598,715,157,1030,755
India,Karnataka,"Calendar Year (Jan - Dec), 2022",Institutional Area,,,1207,425,1135,1902,2342
India,Karnataka,"Calendar Year (Jan - Dec), 2022",Market/ Commercial Area,,,2854,1213,2655,4872,5509
India,Karnataka,"Calendar Year (Jan - Dec), 2022",Open Area,,,14239,8324,17514,25720,31753
India,Karnataka,"Calendar Year (Jan - Dec), 2022",Others,,,1054,495,1303,1871,2357
India,Karnataka,"Calendar Year (Jan - Dec), 2022",Residential Area,,,3363,1245,2830,5397,6193
India,Kerala,"Calendar Year (Jan - Dec), 2022",Institutional Area,,,1376,158,596,1740,1972
India,Kerala,"Calendar Year (Jan - Dec), 2022",Market/ Commercial Area,,,4094,425,1788,5322,5882
India,Kerala,"Calendar Year (Jan - Dec), 2022",Open Area,,,8082,1089,3606,10250,11688
India,Kerala,"Calendar Year (Jan - Dec), 2022",Others,,,17472,2203,7223,22063,24695
India,Kerala,"Calendar Year (Jan - Dec), 2022",Residential Area,,,3614,442,1456,4535,5070
India,Ladakh,"Calendar Year (Jan - Dec), 2022",Institutional Area,,,2,7,15,25,17
India,Ladakh,"Calendar Year (Jan - Dec), 2022",Market/ Commercial Area,,,10,5,26,38,36
India,Ladakh,"Calendar Year (Jan - Dec), 2022",Open Area,,,9,23,146,161,155
India,Ladakh,"Calendar Year (Jan - Dec), 2022",Others,,,4,17,56,81,60
India,Ladakh,"Calendar Year (Jan - Dec), 2022",Residential Area,,,4,10,74,69,78
India,Lakshadweep,"Calendar Year (Jan - Dec), 2022",Institutional Area,,,0,0,0,0,0
India,Lakshadweep,"Calendar Year (Jan - Dec), 2022",Market/ Commercial Area,,,0,0,0,0,0
India,Lakshadweep,"Calendar Year (Jan - Dec), 2022",Open Area,,,0,0,0,0,0
India,Lakshadweep,"Calendar Year (Jan - Dec), 2022",Others,,,0,0,0,0,0
India,Lakshadweep,"Calendar Year (Jan - Dec), 2022",Residential Area,,,2,2,0,3,2
India,Madhya Pradesh,"Calendar Year (Jan - Dec), 2022",Institutional Area,,,375,553,2547,2654,2922
India,Madhya Pradesh,"Calendar Year (Jan - Dec), 2022",Market/ Commercial Area,,,729,1222,5658,6805,6387
India,Madhya Pradesh,"Calendar Year (Jan - Dec), 2022",Open Area,,,3354,7665,22325,25689,25679
India,Madhya Pradesh,"Calendar Year (Jan - Dec), 2022",Others,,,1341,1841,8866,8994,10207
India,Madhya Pradesh,"Calendar Year (Jan - Dec), 2022",Residential Area,,,1149,2146,8824,10290,9973
India,Maharashtra,"Calendar Year (Jan - Dec), 2022",Institutional Area,,,807,583,334,1418,1141
India,Maharashtra,"Calendar Year (Jan - Dec), 2022",Market/ Commercial Area,,,2016,1187,799,3422,2815
India,Maharashtra,"Calendar Year (Jan - Dec), 2022",Open Area,,,11055,9844,4033,18877,15088
India,Maharashtra,"Calendar Year (Jan - Dec), 2022",Others,,,63,148,108,250,171
India,Maharashtra,"Calendar Year (Jan - Dec), 2022",Residential Area,,,5599,3462,2425,9416,8024
India,Manipur,"Calendar Year (Jan - Dec), 2022",Institutional Area,,,22,10,65,55,87
India,Manipur,"Calendar Year (Jan - Dec), 2022",Market/ Commercial Area,,,35,16,139,118,174
India,Manipur,"Calendar Year (Jan - Dec), 2022",Open Area,,,68,58,208,187,276
India,Manipur,"Calendar Year (Jan - Dec), 2022",Others,,,0,0,8,3,8
India,Manipur,"Calendar Year (Jan - Dec), 2022",Residential Area,,,110,43,162,145,272
India,Meghalaya,"Calendar Year (Jan - Dec), 2022",Institutional Area,,,7,6,1,10,8
India,Meghalaya,"Calendar Year (Jan - Dec), 2022",Market/ Commercial Area,,,10,13,2,20,12
India,Meghalaya,"Calendar Year (Jan - Dec), 2022",Open Area,,,77,55,36,87,113
India,Meghalaya,"Calendar Year (Jan - Dec), 2022",Others,,,18,23,7,31,25
India,Meghalaya,"Calendar Year (Jan - Dec), 2022",Residential Area,,,99,65,53,98,152
India,Mizoram,"Calendar Year (Jan - Dec), 2022",Institutional Area,,,0,0,0,1,0
India,Mizoram,"Calendar Year (Jan - Dec), 2022",Market/ Commercial Area,,,1,0,1,1,2
India,Mizoram,"Calendar Year (Jan - Dec), 2022",Open Area,,,25,68,38,61,63
India,Mizoram,"Calendar Year (Jan - Dec), 2022",Others,,,2,3,1,4,3
India,Mizoram,"Calendar Year (Jan - Dec), 2022",Residential Area,,,21,42,18,66,39
India,Nagaland,"Calendar Year (Jan - Dec), 2022",Institutional Area,,,4,7,24,55,28
India,Nagaland,"Calendar Year (Jan - Dec), 2022",Market/ Commercial Area,,,7,16,88,263,95
India,Nagaland,"Calendar Year (Jan - Dec), 2022",Open Area,,,45,33,75,89,120
India,Nagaland,"Calendar Year (Jan - Dec), 2022",Others,,,0,1,1,1,1
India,Nagaland,"Calendar Year (Jan - Dec), 2022",Residential Area,,,10,16,37,81,47
India,Odisha,"Calendar Year (Jan - Dec), 2022",Institutional Area,,,456,330,219,736,675
India,Odisha,"Calendar Year (Jan - Dec), 2022",Market/ Commercial Area,,,1066,821,682,1928,1748
India,Odisha,"Calendar Year (Jan - Dec), 2022",Open Area,,,3098,3016,2417,6231,5515
India,Odisha,"Calendar Year (Jan - Dec), 2022",Others,,,635,560,275,1144,910
India,Odisha,"Calendar Year (Jan - Dec), 2022",Residential Area,,,901,740,553,1624,1454
India,Puducherry,"Calendar Year (Jan - Dec), 2022",Institutional Area,,,15,5,12,28,27
India,Puducherry,"Calendar Year (Jan - Dec), 2022",Market/ Commercial Area,,,456,139,504,882,960
India,Puducherry,"Calendar Year (Jan - Dec), 2022",Open Area,,,30,8,26,48,56
India,Puducherry,"Calendar Year (Jan - Dec), 2022",Others,,,27,4,31,50,58
India,Puducherry,"Calendar Year (Jan - Dec), 2022",Residential Area,,,105,25,76,173,181
India,Punjab,"Calendar Year (Jan - Dec), 2022",Institutional Area,,,285,374,88,476,373
India,Punjab,"Calendar Year (Jan - Dec), 2022",Market/ Commercial Area,,,292,460,145,693,437
India,Punjab,"Calendar Year (Jan - Dec), 2022",Open Area,,,1197,2647,432,3331,1629
India,Punjab,"Calendar Year (Jan - Dec), 2022",Others,,,189,509,106,621,295
India,Punjab,"Calendar Year (Jan - Dec), 2022",Residential Area,,,382,766,208,1017,590
India,Rajasthan,"Calendar Year (Jan - Dec), 2022",Institutional Area,,,275,270,500,811,775
India,Rajasthan,"Calendar Year (Jan - Dec), 2022",Market/ Commercial Area,,,579,785,1683,2373,2262
India,Rajasthan,"Calendar Year (Jan - Dec), 2022",Open Area,,,4335,7704,9890,14789,14225
India,Rajasthan,"Calendar Year (Jan - Dec), 2022",Others,,,640,899,995,1977,1635
India,Rajasthan,"Calendar Year (Jan - Dec), 2022",Residential Area,,,842,1446,2554,3664,3396
India,Sikkim,"Calendar Year (Jan - Dec), 2022",Institutional Area,,,8,0,5,9,13
India,Sikkim,"Calendar Year (Jan - Dec), 2022",Market/ Commercial Area,,,22,6,16,29,38
India,Sikkim,"Calendar Year (Jan - Dec), 2022",Open Area,,,57,38,89,89,146
India,Sikkim,"Calendar Year (Jan - Dec), 2022",Others,,,24,35,24,26,48
India,Sikkim,"Calendar Year (Jan - Dec), 2022",Residential Area,,,44,13,65,58,109
India,Tamil Nadu,"Calendar Year (Jan - Dec), 2022",Institutional Area,,,2921,2104,5241,7871,8162
India,Tamil Nadu,"Calendar Year (Jan - Dec), 2022",Market/ Commercial Area,,,4594,2997,7581,11975,12175
India,Tamil Nadu,"Calendar Year (Jan - Dec), 2022",Open Area,,,11105,9650,23700,32087,34805
India,Tamil Nadu,"Calendar Year (Jan - Dec), 2022",Others,,,128,133,287,401,415
India,Tamil Nadu,"Calendar Year (Jan - Dec), 2022",Residential Area,,,3984,3000,8162,11771,12146
India,Telangana,"Calendar Year (Jan - Dec), 2022",Institutional Area,,,38,122,359,416,397
India,Telangana,"Calendar Year (Jan - Dec), 2022",Market/ Commercial Area,,,403,655,2465,3197,2868
India,Telangana,"Calendar Year (Jan - Dec), 2022",Open Area,,,2073,4124,6799,9325,8872
India,Telangana,"Calendar Year (Jan - Dec), 2022",Others,,,429,1574,4494,5337,4923
India,Telangana,"Calendar Year (Jan - Dec), 2022",Residential Area,,,494,1084,2655,3344,3149
India,The Dadra and Nagar Haveli and Daman and Diu,"Calendar Year (Jan - Dec), 2022",Institutional Area,,,13.00000000000000000000,8.00000000000000000000,23.00000000000000000000,23.00000000000000000000,36.00000000000000000000
India,The Dadra and Nagar Haveli and Daman and Diu,"Calendar Year (Jan - Dec), 2022",Market/ Commercial Area,,,32.00000000000000000000,23.00000000000000000000,21.00000000000000000000,57.00000000000000000000,53.00000000000000000000
India,The Dadra and Nagar Haveli and Daman and Diu,"Calendar Year (Jan - Dec), 2022",Open Area,,,55.00000000000000000000,23.00000000000000000000,53.00000000000000000000,48.00000000000000000000,108.00000000000000000000
India,The Dadra and Nagar Haveli and Daman and Diu,"Calendar Year (Jan - Dec), 2022",Others,,,0.00000000000000000000,0.00000000000000000000,0.00000000000000000000,0.00000000000000000000,0.00000000000000000000
India,The Dadra and Nagar Haveli and Daman and Diu,"Calendar Year (Jan - Dec), 2022",Residential Area,,,45.00000000000000000000,36.00000000000000000000,31.00000000000000000000,68.00000000000000000000,76.00000000000000000000
India,Tripura,"Calendar Year (Jan - Dec), 2022",Institutional Area,,,76,24,0,81,76
India,Tripura,"Calendar Year (Jan - Dec), 2022",Market/ Commercial Area,,,96,43,1,124,97
India,Tripura,"Calendar Year (Jan - Dec), 2022",Open Area,,,107,53,15,110,122
India,Tripura,"Calendar Year (Jan - Dec), 2022",Others,,,0,0,0,0,0
India,Tripura,"Calendar Year (Jan - Dec), 2022",Residential Area,,,243,121,3,260,246
India,Uttar Pradesh,"Calendar Year (Jan - Dec), 2022",Institutional Area,,,2162,2289,1159,4429,3321
India,Uttar Pradesh,"Calendar Year (Jan - Dec), 2022",Market/ Commercial Area,,,3210,3618,1708,6937,4918
India,Uttar Pradesh,"Calendar Year (Jan - Dec), 2022",Open Area,,,6490,9351,3905,16346,10395
India,Uttar Pradesh,"Calendar Year (Jan - Dec), 2022",Others,,,2580,2969,1660,5807,4240
India,Uttar Pradesh,"Calendar Year (Jan - Dec), 2022",Residential Area,,,3742,4368,1925,8227,5667
India,Uttarakhand,"Calendar Year (Jan - Dec), 2022",Institutional Area,,,61,42,7,73,68
India,Uttarakhand,"Calendar Year (Jan - Dec), 2022",Market/ Commercial Area,,,337,181,96,408,433
India,Uttarakhand,"Calendar Year (Jan - Dec), 2022",Open Area,,,584,636,230,810,814
India,Uttarakhand,"Calendar Year (Jan - Dec), 2022",Others,,,7,2,4,9,11
India,Uttarakhand,"Calendar Year (Jan - Dec), 2022",Residential Area,,,229,181,58,374,287
India,West Bengal,"Calendar Year (Jan - Dec), 2022",Institutional Area,,,229,159,48,293,277
India,West Bengal,"Calendar Year (Jan - Dec), 2022",Market/ Commercial Area,,,1597,844,257,2080,1854
India,West Bengal,"Calendar Year (Jan - Dec), 2022",Open Area,,,4348,2408,905,5236,5253
India,West Bengal,"Calendar Year (Jan - Dec), 2022",Others,,,1348,652,354,1772,1702
India,West Bengal,"Calendar Year (Jan - Dec), 2022",Residential Area,,,3193,1939,564,4305,3757
India,Andaman and Nicobar Islands,"Calendar Year (Jan - Dec), 2021",Institutional Area,,,2,3,7,10,9
India,Andaman and Nicobar Islands,"Calendar Year (Jan - Dec), 2021",Market/ Commercial Area,,,17,4,17,37,34
India,Andaman and Nicobar Islands,"Calendar Year (Jan - Dec), 2021",Open Area,,,4,4,6,16,10
India,Andaman and Nicobar Islands,"Calendar Year (Jan - Dec), 2021",Others,,,0,0,0,0,0
India,Andaman and Nicobar Islands,"Calendar Year (Jan - Dec), 2021",Residential Area,,,8,9,36,52,44
India,Andhra Pradesh,"Calendar Year (Jan - Dec), 2021",Institutional Area,,,540,422,947,1279,1487
India,Andhra Pradesh,"Calendar Year (Jan - Dec), 2021",Market/ Commercial Area,,,767,776,1806,2870,2573
India,Andhra Pradesh,"Calendar Year (Jan - Dec), 2021",Open Area,,,2583,4907,8874,11747,11457
India,Andhra Pradesh,"Calendar Year (Jan - Dec), 2021",Others,,,172,190,340,496,512
India,Andhra Pradesh,"Calendar Year (Jan - Dec), 2021",Residential Area,,,1535,1891,3476,5164,5011
India,Arunachal Pradesh,"Calendar Year (Jan - Dec), 2021",Institutional Area,,,27,14,16,28,43
India,Arunachal Pradesh,"Calendar Year (Jan - Dec), 2021",Market/ Commercial Area,,,78,54,40,84,118
India,Arunachal Pradesh,"Calendar Year (Jan - Dec), 2021",Open Area,,,86,56,34,105,120
India,Arunachal Pradesh,"Calendar Year (Jan - Dec), 2021",Others,,,22,17,8,31,30
India,Arunachal Pradesh,"Calendar Year (Jan - Dec), 2021",Residential Area,,,24,16,12,35,36
India,Assam,"Calendar Year (Jan - Dec), 2021",Institutional Area,,,530,309,60,822,590
India,Assam,"Calendar Year (Jan - Dec), 2021",Market/ Commercial Area,,,1090,595,102,1591,1192
India,Assam,"Calendar Year (Jan - Dec), 2021",Open Area,,,1570,1013,175,2309,1745
India,Assam,"Calendar Year (Jan - Dec), 2021",Others,,,916,500,101,1210,1017
India,Assam,"Calendar Year (Jan - Dec), 2021",Residential Area,,,1106,619,113,1479,1219
India,Bihar,"Calendar Year (Jan - Dec), 2021",Institutional Area,,,591,479,14,645,605
India,Bihar,"Calendar Year (Jan - Dec), 2021",Market/ Commercial Area,,,1068,981,98,1330,1166
India,Bihar,"Calendar Year (Jan - Dec), 2021",Open Area,,,4608,4905,186,5900,4794
India,Bihar,"Calendar Year (Jan - Dec), 2021",Others,,,0,0,0,0,0
India,Bihar,"Calendar Year (Jan - Dec), 2021",Residential Area,,,1306,1295,75,1678,1381
India,Chandigarh,"Calendar Year (Jan - Dec), 2021",Institutional Area,,,0,3,7,7,7
India,Chandigarh,"Calendar Year (Jan - Dec), 2021",Market/ Commercial Area,,,1,12,21,30,22
India,Chandigarh,"Calendar Year (Jan - Dec), 2021",Open Area,,,6,79,127,160,133
India,Chandigarh,"Calendar Year (Jan - Dec), 2021",Others,,,0,0,0,0,0
India,Chandigarh,"Calendar Year (Jan - Dec), 2021",Residential Area,,,2,2,8,11,10
India,Chhattisgarh,"Calendar Year (Jan - Dec), 2021",Institutional Area,,,80,184,372,508,452
India,Chhattisgarh,"Calendar Year (Jan - Dec), 2021",Market/ Commercial Area,,,189,370,971,1278,1160
India,Chhattisgarh,"Calendar Year (Jan - Dec), 2021",Open Area,,,784,3283,4866,6899,5650
India,Chhattisgarh,"Calendar Year (Jan - Dec), 2021",Others,,,90,339,602,619,692
India,Chhattisgarh,"Calendar Year (Jan - Dec), 2021",Residential Area,,,398,1195,2331,3071,2729
India,Delhi,"Calendar Year (Jan - Dec), 2021",Institutional Area,,,24,142,374,401,398
India,Delhi,"Calendar Year (Jan - Dec), 2021",Market/ Commercial Area,,,29,129,625,657,654
India,Delhi,"Calendar Year (Jan - Dec), 2021",Open Area,,,63,637,1677,2129,1740
India,Delhi,"Calendar Year (Jan - Dec), 2021",Others,,,40,228,856,1000,896
India,Delhi,"Calendar Year (Jan - Dec), 2021",Residential Area,,,23,103,562,533,585
India,Goa,"Calendar Year (Jan - Dec), 2021",Institutional Area,,,24,21,78,367,102
India,Goa,"Calendar Year (Jan - Dec), 2021",Market/ Commercial Area,,,26,40,133,449,159
India,Goa,"Calendar Year (Jan - Dec), 2021",Open Area,,,101,86,201,1079,302
India,Goa,"Calendar Year (Jan - Dec), 2021",Others,,,0,0,0,11,0
India,Goa,"Calendar Year (Jan - Dec), 2021",Residential Area,,,67,79,213,943,280
India,Gujarat,"Calendar Year (Jan - Dec), 2021",Institutional Area,,,497,472,417,946,914
India,Gujarat,"Calendar Year (Jan - Dec), 2021",Market/ Commercial Area,,,951,703,727,1807,1678
India,Gujarat,"Calendar Year (Jan - Dec), 2021",Open Area,,,4792,4976,3537,9158,8329
India,Gujarat,"Calendar Year (Jan - Dec), 2021",Others,,,221,131,98,518,319
India,Gujarat,"Calendar Year (Jan - Dec), 2021",Residential Area,,,1388,1170,1062,2757,2450
India,Haryana,"Calendar Year (Jan - Dec), 2021",Institutional Area,,,124,236,349,579,473
India,Haryana,"Calendar Year (Jan - Dec), 2021",Market/ Commercial Area,,,387,511,754,1313,1141
India,Haryana,"Calendar Year (Jan - Dec), 2021",Open Area,,,582,2130,2723,4223,3305
India,Haryana,"Calendar Year (Jan - Dec), 2021",Others,,,706,1339,1643,2714,2349
India,Haryana,"Calendar Year (Jan - Dec), 2021",Residential Area,,,163,490,690,1104,853
India,Himachal Pradesh,"Calendar Year (Jan - Dec), 2021",Institutional Area,,,61,34,70,95,131
India,Himachal Pradesh,"Calendar Year (Jan - Dec), 2021",Market/ Commercial Area,,,256,151,357,508,613
India,Himachal Pradesh,"Calendar Year (Jan - Dec), 2021",Open Area,,,740,716,1463,1438,2203
India,Himachal Pradesh,"Calendar Year (Jan - Dec), 2021",Others,,,24,18,61,47,85
India,Himachal Pradesh,"Calendar Year (Jan - Dec), 2021",Residential Area,,,156,133,266,316,422
India,Jammu and Kashmir,"Calendar Year (Jan - Dec), 2021",Institutional Area,,,203,18,58,131,261
India,Jammu and Kashmir,"Calendar Year (Jan - Dec), 2021",Market/ Commercial Area,,,410,76,473,960,883
India,Jammu and Kashmir,"Calendar Year (Jan - Dec), 2021",Open Area,,,1692,378,1508,2199,3200
India,Jammu and Kashmir,"Calendar Year (Jan - Dec), 2021",Others,,,1323,188,369,1239,1692
India,Jammu and Kashmir,"Calendar Year (Jan - Dec), 2021",Residential Area,,,355,114,581,923,936
India,Jharkhand,"Calendar Year (Jan - Dec), 2021",Institutional Area,,,264,274,123,405,387
India,Jharkhand,"Calendar Year (Jan - Dec), 2021",Market/ Commercial Area,,,402,411,121,623,523
India,Jharkhand,"Calendar Year (Jan - Dec), 2021",Open Area,,,1054,1715,122,2174,1176
India,Jharkhand,"Calendar Year (Jan - Dec), 2021",Others,,,266,378,106,505,372
India,Jharkhand,"Calendar Year (Jan - Dec), 2021",Residential Area,,,616,735,153,1021,769
India,Karnataka,"Calendar Year (Jan - Dec), 2021",Institutional Area,,,1312,606,1131,2271,2443
India,Karnataka,"Calendar Year (Jan - Dec), 2021",Market/ Commercial Area,,,2356,955,2304,4078,4660
India,Karnataka,"Calendar Year (Jan - Dec), 2021",Open Area,,,12579,7192,14688,22954,27267
India,Karnataka,"Calendar Year (Jan - Dec), 2021",Others,,,731,392,1167,1372,1898
India,Karnataka,"Calendar Year (Jan - Dec), 2021",Residential Area,,,2355,893,2131,3972,4486
India,Kerala,"Calendar Year (Jan - Dec), 2021",Institutional Area,,,918,123,366,1159,1284
India,Kerala,"Calendar Year (Jan - Dec), 2021",Market/ Commercial Area,,,2430,280,975,3154,3405
India,Kerala,"Calendar Year (Jan - Dec), 2021",Open Area,,,5127,705,1959,6378,7086
India,Kerala,"Calendar Year (Jan - Dec), 2021",Others,,,15487,1980,6062,19485,21549
India,Kerala,"Calendar Year (Jan - Dec), 2021",Residential Area,,,2533,341,918,3120,3451
India,Ladakh,"Calendar Year (Jan - Dec), 2021",Institutional Area,,,7,8,8,20,15
India,Ladakh,"Calendar Year (Jan - Dec), 2021",Market/ Commercial Area,,,9,5,33,30,42
India,Ladakh,"Calendar Year (Jan - Dec), 2021",Open Area,,,15,20,72,93,87
India,Ladakh,"Calendar Year (Jan - Dec), 2021",Others,,,8,9,23,41,31
India,Ladakh,"Calendar Year (Jan - Dec), 2021",Residential Area,,,11,14,56,52,67
India,Lakshadweep,"Calendar Year (Jan - Dec), 2021",Institutional Area,,,0,0,0,0,0
India,Lakshadweep,"Calendar Year (Jan - Dec), 2021",Market/ Commercial Area,,,0,0,0,0,0
India,Lakshadweep,"Calendar Year (Jan - Dec), 2021",Open Area,,,0,0,0,0,0
India,Lakshadweep,"Calendar Year (Jan - Dec), 2021",Others,,,0,0,0,0,0
India,Lakshadweep,"Calendar Year (Jan - Dec), 2021",Residential Area,,,0,1,6,4,6
India,Madhya Pradesh,"Calendar Year (Jan - Dec), 2021",Institutional Area,,,386,590,2593,2934,2979
India,Madhya Pradesh,"Calendar Year (Jan - Dec), 2021",Market/ Commercial Area,,,976,1084,6046,6921,7022
India,Madhya Pradesh,"Calendar Year (Jan - Dec), 2021",Open Area,,,2380,6113,18281,20597,20661
India,Madhya Pradesh,"Calendar Year (Jan - Dec), 2021",Others,,,1195,2033,7473,8643,8668
India,Madhya Pradesh,"Calendar Year (Jan - Dec), 2021",Residential Area,,,1148,2237,8478,9782,9626
India,Maharashtra,"Calendar Year (Jan - Dec), 2021",Institutional Area,,,887,694,347,1650,1234
India,Maharashtra,"Calendar Year (Jan - Dec), 2021",Market/ Commercial Area,,,1403,972,618,2446,2021
India,Maharashtra,"Calendar Year (Jan - Dec), 2021",Open Area,,,8670,8698,3688,16361,12358
India,Maharashtra,"Calendar Year (Jan - Dec), 2021",Others,,,0,0,3,0,3
India,Maharashtra,"Calendar Year (Jan - Dec), 2021",Residential Area,,,5113,3164,2342,9020,7455
India,Manipur,"Calendar Year (Jan - Dec), 2021",Institutional Area,,,6,8,33,27,39
India,Manipur,"Calendar Year (Jan - Dec), 2021",Market/ Commercial Area,,,24,15,64,75,88
India,Manipur,"Calendar Year (Jan - Dec), 2021",Open Area,,,61,35,66,88,127
India,Manipur,"Calendar Year (Jan - Dec), 2021",Others,,,0,0,0,0,0
India,Manipur,"Calendar Year (Jan - Dec), 2021",Residential Area,,,57,52,193,176,250
India,Meghalaya,"Calendar Year (Jan - Dec), 2021",Institutional Area,,,10,6,1,11,11
India,Meghalaya,"Calendar Year (Jan - Dec), 2021",Market/ Commercial Area,,,24,22,2,27,26
India,Meghalaya,"Calendar Year (Jan - Dec), 2021",Open Area,,,77,69,19,88,96
India,Meghalaya,"Calendar Year (Jan - Dec), 2021",Others,,,17,36,6,39,23
India,Meghalaya,"Calendar Year (Jan - Dec), 2021",Residential Area,,,38,54,69,80,107
India,Mizoram,"Calendar Year (Jan - Dec), 2021",Institutional Area,,,0,0,0,0,0
India,Mizoram,"Calendar Year (Jan - Dec), 2021",Market/ Commercial Area,,,0,0,0,0,0
India,Mizoram,"Calendar Year (Jan - Dec), 2021",Open Area,,,24,36,17,35,41
India,Mizoram,"Calendar Year (Jan - Dec), 2021",Others,,,0,0,0,0,0
India,Mizoram,"Calendar Year (Jan - Dec), 2021",Residential Area,,,11,20,13,34,24
India,Nagaland,"Calendar Year (Jan - Dec), 2021",Institutional Area,,,15,0,13,40,28
India,Nagaland,"Calendar Year (Jan - Dec), 2021",Market/ Commercial Area,,,33,21,83,375,116
India,Nagaland,"Calendar Year (Jan - Dec), 2021",Open Area,,,11,16,40,57,51
India,Nagaland,"Calendar Year (Jan - Dec), 2021",Others,,,41,10,95,206,136
India,Nagaland,"Calendar Year (Jan - Dec), 2021",Residential Area,,,22,8,27,68,49
India,Odisha,"Calendar Year (Jan - Dec), 2021",Institutional Area,,,441,255,250,683,691
India,Odisha,"Calendar Year (Jan - Dec), 2021",Market/ Commercial Area,,,999,693,590,1737,1589
India,Odisha,"Calendar Year (Jan - Dec), 2021",Open Area,,,2778,2748,1977,5610,4755
India,Odisha,"Calendar Year (Jan - Dec), 2021",Others,,,660,642,526,1290,1186
India,Odisha,"Calendar Year (Jan - Dec), 2021",Residential Area,,,869,743,692,1663,1561
India,Puducherry,"Calendar Year (Jan - Dec), 2021",Institutional Area,,,91,22,83,139,174
India,Puducherry,"Calendar Year (Jan - Dec), 2021",Market/ Commercial Area,,,156,46,245,409,401
India,Puducherry,"Calendar Year (Jan - Dec), 2021",Open Area,,,92,31,103,176,195
India,Puducherry,"Calendar Year (Jan - Dec), 2021",Others,,,40,19,57,97,97
India,Puducherry,"Calendar Year (Jan - Dec), 2021",Residential Area,,,93,22,139,228,232
India,Punjab,"Calendar Year (Jan - Dec), 2021",Institutional Area,,,265,451,112,589,377
India,Punjab,"Calendar Year (Jan - Dec), 2021",Market/ Commercial Area,,,262,488,169,717,431
India,Punjab,"Calendar Year (Jan - Dec), 2021",Open Area,,,922,2305,447,2961,1369
India,Punjab,"Calendar Year (Jan - Dec), 2021",Others,,,229,542,137,659,366
India,Punjab,"Calendar Year (Jan - Dec), 2021",Residential Area,,,354,803,175,945,529
India,Rajasthan,"Calendar Year (Jan - Dec), 2021",Institutional Area,,,195,248,471,745,666
India,Rajasthan,"Calendar Year (Jan - Dec), 2021",Market/ Commercial Area,,,437,582,1356,1821,1793
India,Rajasthan,"Calendar Year (Jan - Dec), 2021",Open Area,,,3136,6892,8865,12916,12001
India,Rajasthan,"Calendar Year (Jan - Dec), 2021",Others,,,753,1022,1116,2179,1869
India,Rajasthan,"Calendar Year (Jan - Dec), 2021",Residential Area,,,655,1299,2360,3290,3015
India,Sikkim,"Calendar Year (Jan - Dec), 2021",Institutional Area,,,15,4,16,18,31
India,Sikkim,"Calendar Year (Jan - Dec), 2021",Market/ Commercial Area,,,36,17,32,32,68
India,Sikkim,"Calendar Year (Jan - Dec), 2021",Open Area,,,59,26,46,88,105
India,Sikkim,"Calendar Year (Jan - Dec), 2021",Others,,,0,0,0,0,0
India,Sikkim,"Calendar Year (Jan - Dec), 2021",Residential Area,,,21,9,19,17,40
India,Tamil Nadu,"Calendar Year (Jan - Dec), 2021",Institutional Area,,,2867,1926,4239,7183,7106
India,Tamil Nadu,"Calendar Year (Jan - Dec), 2021",Market/ Commercial Area,,,5109,2642,5676,11084,10785
India,Tamil Nadu,"Calendar Year (Jan - Dec), 2021",Open Area,,,10642,8031,16808,26662,27450
India,Tamil Nadu,"Calendar Year (Jan - Dec), 2021",Others,,,352,222,421,760,773
India,Tamil Nadu,"Calendar Year (Jan - Dec), 2021",Residential Area,,,4173,2563,5709,9993,9882
India,Telangana,"Calendar Year (Jan - Dec), 2021",Institutional Area,,,32,104,303,324,335
India,Telangana,"Calendar Year (Jan - Dec), 2021",Market/ Commercial Area,,,349,737,2853,3414,3202
India,Telangana,"Calendar Year (Jan - Dec), 2021",Open Area,,,1305,4207,7502,9088,8807
India,Telangana,"Calendar Year (Jan - Dec), 2021",Others,,,340,1364,3624,4500,3964
India,Telangana,"Calendar Year (Jan - Dec), 2021",Residential Area,,,544,1145,3255,3989,3799
India,The Dadra and Nagar Haveli and Daman and Diu,"Calendar Year (Jan - Dec), 2021",Institutional Area,,,10.00000000000000000000,7.00000000000000000000,3.00000000000000000000,15.00000000000000000000,13.00000000000000000000
India,The Dadra and Nagar Haveli and Daman and Diu,"Calendar Year (Jan - Dec), 2021",Market/ Commercial Area,,,12.00000000000000000000,13.00000000000000000000,4.00000000000000000000,17.00000000000000000000,16.00000000000000000000
India,The Dadra and Nagar Haveli and Daman and Diu,"Calendar Year (Jan - Dec), 2021",Open Area,,,15.00000000000000000000,11.00000000000000000000,6.00000000000000000000,20.00000000000000000000,21.00000000000000000000
India,The Dadra and Nagar Haveli and Daman and Diu,"Calendar Year (Jan - Dec), 2021",Others,,,8.00000000000000000000,5.00000000000000000000,4.00000000000000000000,11.00000000000000000000,12.00000000000000000000
India,The Dadra and Nagar Haveli and Daman and Diu,"Calendar Year (Jan - Dec), 2021",Residential Area,,,56.00000000000000000000,40.00000000000000000000,53.00000000000000000000,77.00000000000000000000,109.00000000000000000000
India,Tripura,"Calendar Year (Jan - Dec), 2021",Institutional Area,,,79,26,0,77,79
India,Tripura,"Calendar Year (Jan - Dec), 2021",Market/ Commercial Area,,,90,32,3,90,93
India,Tripura,"Calendar Year (Jan - Dec), 2021",Open Area,,,172,62,2,135,174
India,Tripura,"Calendar Year (Jan - Dec), 2021",Others,,,0,0,0,0,0
India,Tripura,"Calendar Year (Jan - Dec), 2021",Residential Area,,,198,74,3,177,201
India,Uttar Pradesh,"Calendar Year (Jan - Dec), 2021",Institutional Area,,,1533,1900,870,3604,2403
India,Uttar Pradesh,"Calendar Year (Jan - Dec), 2021",Market/ Commercial Area,,,2733,3355,1361,6047,4094
India,Uttar Pradesh,"Calendar Year (Jan - Dec), 2021",Open Area,,,5932,8449,3117,14355,9049
India,Uttar Pradesh,"Calendar Year (Jan - Dec), 2021",Others,,,2958,3774,1868,6927,4826
India,Uttar Pradesh,"Calendar Year (Jan - Dec), 2021",Residential Area,,,2990,3749,1535,6796,4525
India,Uttarakhand,"Calendar Year (Jan - Dec), 2021",Institutional Area,,,23,21,5,35,28
India,Uttarakhand,"Calendar Year (Jan - Dec), 2021",Market/ Commercial Area,,,190,172,71,361,261
India,Uttarakhand,"Calendar Year (Jan - Dec), 2021",Open Area,,,411,484,142,707,553
India,Uttarakhand,"Calendar Year (Jan - Dec), 2021",Others,,,21,13,15,18,36
India,Uttarakhand,"Calendar Year (Jan - Dec), 2021",Residential Area,,,163,130,50,284,213
India,West Bengal,"Calendar Year (Jan - Dec), 2021",Institutional Area,,,266,144,89,420,355
India,West Bengal,"Calendar Year (Jan - Dec), 2021",Market/ Commercial Area,,,1048,712,160,1483,1208
India,West Bengal,"Calendar Year (Jan - Dec), 2021",Open Area,,,3421,2474,600,4368,4021
India,West Bengal,"Calendar Year (Jan - Dec), 2021",Others,,,1164,761,333,1729,1497
India,West Bengal,"Calendar Year (Jan - Dec), 2021",Residential Area,,,2777,1709,596,3937,3373
India,Andaman and Nicobar Islands,"Calendar Year (Jan - Dec), 2020",Institutional Area,,,14,1,22,31,36
India,Andaman and Nicobar Islands,"Calendar Year (Jan - Dec), 2020",Market/ Commercial Area,,,18,2,11,36,29
India,Andaman and Nicobar Islands,"Calendar Year (Jan - Dec), 2020",Open Area,,,6,4,26,24,32
India,Andaman and Nicobar Islands,"Calendar Year (Jan - Dec), 2020",Others,,,0,0,0,0,0
India,Andaman and Nicobar Islands,"Calendar Year (Jan - Dec), 2020",Residential Area,,,17,7,31,50,48
India,Andhra Pradesh,"Calendar Year (Jan - Dec), 2020",Institutional Area,,,268,411,1052,1218,1320
India,Andhra Pradesh,"Calendar Year (Jan - Dec), 2020",Market/ Commercial Area,,,797,682,1563,2393,2360
India,Andhra Pradesh,"Calendar Year (Jan - Dec), 2020",Open Area,,,1912,4050,7978,9656,9890
India,Andhra Pradesh,"Calendar Year (Jan - Dec), 2020",Others,,,597,639,1020,1805,1617
India,Andhra Pradesh,"Calendar Year (Jan - Dec), 2020",Residential Area,,,1214,1257,3274,4437,4488
India,Arunachal Pradesh,"Calendar Year (Jan - Dec), 2020",Institutional Area,,,20,10,15,23,35
India,Arunachal Pradesh,"Calendar Year (Jan - Dec), 2020",Market/ Commercial Area,,,15,18,16,34,31
India,Arunachal Pradesh,"Calendar Year (Jan - Dec), 2020",Open Area,,,35,23,24,44,59
India,Arunachal Pradesh,"Calendar Year (Jan - Dec), 2020",Others,,,14,10,5,7,19
India,Arunachal Pradesh,"Calendar Year (Jan - Dec), 2020",Residential Area,,,25,12,16,26,41
India,Assam,"Calendar Year (Jan - Dec), 2020",Institutional Area,,,490,256,70,642,560
India,Assam,"Calendar Year (Jan - Dec), 2020",Market/ Commercial Area,,,1082,600,110,1579,1192
India,Assam,"Calendar Year (Jan - Dec), 2020",Open Area,,,1614,968,146,2287,1760
India,Assam,"Calendar Year (Jan - Dec), 2020",Others,,,632,328,117,857,749
India,Assam,"Calendar Year (Jan - Dec), 2020",Residential Area,,,884,477,124,1230,1008
India,Bihar,"Calendar Year (Jan - Dec), 2020",Institutional Area,,,489,315,9,447,498
India,Bihar,"Calendar Year (Jan - Dec), 2020",Market/ Commercial Area,,,963,755,74,1182,1037
India,Bihar,"Calendar Year (Jan - Dec), 2020",Open Area,,,4068,4464,94,5472,4162
India,Bihar,"Calendar Year (Jan - Dec), 2020",Others,,,0,0,0,0,0
India,Bihar,"Calendar Year (Jan - Dec), 2020",Residential Area,,,1267,1165,52,1538,1319
India,Chandigarh,"Calendar Year (Jan - Dec), 2020",Institutional Area,,,1,6,12,17,13
India,Chandigarh,"Calendar Year (Jan - Dec), 2020",Market/ Commercial Area,,,6,2,11,15,17
India,Chandigarh,"Calendar Year (Jan - Dec), 2020",Open Area,,,6,40,103,113,109
India,Chandigarh,"Calendar Year (Jan - Dec), 2020",Others,,,0,2,1,1,1
India,Chandigarh,"Calendar Year (Jan - Dec), 2020",Residential Area,,,1,3,7,13,8
India,Chhattisgarh,"Calendar Year (Jan - Dec), 2020",Institutional Area,,,59,127,269,375,328
India,Chhattisgarh,"Calendar Year (Jan - Dec), 2020",Market/ Commercial Area,,,160,315,917,1227,1077
India,Chhattisgarh,"Calendar Year (Jan - Dec), 2020",Open Area,,,793,2638,4472,5902,5265
India,Chhattisgarh,"Calendar Year (Jan - Dec), 2020",Others,,,169,444,743,908,912
India,Chhattisgarh,"Calendar Year (Jan - Dec), 2020",Residential Area,,,490,1082,2433,3244,2923
India,Delhi,"Calendar Year (Jan - Dec), 2020",Institutional Area,,,17,79,159,210,176
India,Delhi,"Calendar Year (Jan - Dec), 2020",Market/ Commercial Area,,,39,151,536,633,575
India,Delhi,"Calendar Year (Jan - Dec), 2020",Open Area,,,78,620,1514,1900,1592
India,Delhi,"Calendar Year (Jan - Dec), 2020",Others,,,42,213,778,893,820
India,Delhi,"Calendar Year (Jan - Dec), 2020",Residential Area,,,36,133,463,542,499
India,Goa,"Calendar Year (Jan - Dec), 2020",Institutional Area,,,43,41,156,450,199
India,Goa,"Calendar Year (Jan - Dec), 2020",Market/ Commercial Area,,,25,14,40,237,65
India,Goa,"Calendar Year (Jan - Dec), 2020",Open Area,,,60,82,196,786,256
India,Goa,"Calendar Year (Jan - Dec), 2020",Others,,,0,0,1,14,1
India,Goa,"Calendar Year (Jan - Dec), 2020",Residential Area,,,74,86,285,888,359
India,Gujarat,"Calendar Year (Jan - Dec), 2020",Institutional Area,,,521,427,322,1080,843
India,Gujarat,"Calendar Year (Jan - Dec), 2020",Market/ Commercial Area,,,841,516,526,1459,1367
India,Gujarat,"Calendar Year (Jan - Dec), 2020",Open Area,,,4309,4052,2978,7863,7287
India,Gujarat,"Calendar Year (Jan - Dec), 2020",Others,,,70,181,34,325,104
India,Gujarat,"Calendar Year (Jan - Dec), 2020",Residential Area,,,1450,994,951,2671,2401
India,Haryana,"Calendar Year (Jan - Dec), 2020",Institutional Area,,,183,232,321,562,504
India,Haryana,"Calendar Year (Jan - Dec), 2020",Market/ Commercial Area,,,520,675,945,1709,1465
India,Haryana,"Calendar Year (Jan - Dec), 2020",Open Area,,,785,2094,2325,3923,3110
India,Haryana,"Calendar Year (Jan - Dec), 2020",Others,,,443,883,1119,1831,1562
India,Haryana,"Calendar Year (Jan - Dec), 2020",Residential Area,,,306,623,712,1406,1018
India,Himachal Pradesh,"Calendar Year (Jan - Dec), 2020",Institutional Area,,,58,24,72,111,130
India,Himachal Pradesh,"Calendar Year (Jan - Dec), 2020",Market/ Commercial Area,,,211,146,347,481,558
India,Himachal Pradesh,"Calendar Year (Jan - Dec), 2020",Open Area,,,655,607,1465,1344,2120
India,Himachal Pradesh,"Calendar Year (Jan - Dec), 2020",Others,,,28,27,42,55,70
India,Himachal Pradesh,"Calendar Year (Jan - Dec), 2020",Residential Area,,,99,89,246,248,345
India,Jammu and Kashmir,"Calendar Year (Jan - Dec), 2020",Institutional Area,,,100.74706658505045298230,14.67190290073550286150,55.75323102279491087370,117.37522320588402289200,156.50029760784536385600
India,Jammu and Kashmir,"Calendar Year (Jan - Dec), 2020",Market/ Commercial Area,,,303.21932661520039247100,74.33764136372654783160,462.65400480319285689930,736.52952561692224364730,765.87333141839324937030
India,Jammu and Kashmir,"Calendar Year (Jan - Dec), 2020",Open Area,,,1459.36527519315801795720,357.01630391789723629650,1083.76456093432914470280,2013.96320484096002612190,2543.12983612748716266000
India,Jammu and Kashmir,"Calendar Year (Jan - Dec), 2020",Others,,,1190.38038867967379882970,154.54404388774729680780,292.45993115466102370590,1139.51779195712405557650,1482.84031983433482253560
India,Jammu and Kashmir,"Calendar Year (Jan - Dec), 2020",Residential Area,,,249.42234931250354864550,111.50646204558982174740,567.31357882843944397800,746.31079421741257888830,816.73592814094299262350
India,Jharkhand,"Calendar Year (Jan - Dec), 2020",Institutional Area,,,333,308,97,511,430
India,Jharkhand,"Calendar Year (Jan - Dec), 2020",Market/ Commercial Area,,,415,444,133,686,548
India,Jharkhand,"Calendar Year (Jan - Dec), 2020",Open Area,,,841,993,261,1351,1102
India,Jharkhand,"Calendar Year (Jan - Dec), 2020",Others,,,386,543,117,761,503
India,Jharkhand,"Calendar Year (Jan - Dec), 2020",Residential Area,,,552,756,160,1096,712
India,Karnataka,"Calendar Year (Jan - Dec), 2020",Institutional Area,,,1175,420,1051,1902,2226
India,Karnataka,"Calendar Year (Jan - Dec), 2020",Market/ Commercial Area,,,2892,1029,2904,5130,5796
India,Karnataka,"Calendar Year (Jan - Dec), 2020",Open Area,,,11288,7091,14901,22427,26189
India,Karnataka,"Calendar Year (Jan - Dec), 2020",Others,,,63,28,175,140,238
India,Karnataka,"Calendar Year (Jan - Dec), 2020",Residential Area,,,2524,1192,2519,4579,5043
India,Kerala,"Calendar Year (Jan - Dec), 2020",Institutional Area,,,774,88,271,965,1045
India,Kerala,"Calendar Year (Jan - Dec), 2020",Market/ Commercial Area,,,1721,173,613,2205,2334
India,Kerala,"Calendar Year (Jan - Dec), 2020",Open Area,,,3822,612,1512,4830,5334
India,Kerala,"Calendar Year (Jan - Dec), 2020",Others,,,13633,1786,5041,17006,18674
India,Kerala,"Calendar Year (Jan - Dec), 2020",Residential Area,,,2274,320,849,2871,3123
India,Ladakh,"Calendar Year (Jan - Dec), 2020",Institutional Area,,,2.25293341494954701770,0.32809709926449713850,1.24676897720508912630,2.62477679411597710800,3.49970239215463614400
India,Ladakh,"Calendar Year (Jan - Dec), 2020",Market/ Commercial Area,,,6.78067338479960752900,1.66235863627345216840,10.34599519680714310070,16.47047438307775635270,17.12666858160675062970
India,Ladakh,"Calendar Year (Jan - Dec), 2020",Open Area,,,32.63472480684198204280,7.98369608210276370350,24.23543906567085529720,45.03679515903997387810,56.87016387251283734000
India,Ladakh,"Calendar Year (Jan - Dec), 2020",Others,,,26.61961132032620117030,3.45595611225270319220,6.54006884533897629410,25.48220804287594442350,33.15968016566517746440
India,Ladakh,"Calendar Year (Jan - Dec), 2020",Residential Area,,,5.57765068749645135450,2.49353795441017825260,12.68642117156055602200,16.68920578258742111170,18.26407185905700737650
India,Lakshadweep,"Calendar Year (Jan - Dec), 2020",Institutional Area,,,0,0,0,0,0
India,Lakshadweep,"Calendar Year (Jan - Dec), 2020",Market/ Commercial Area,,,0,0,0,0,0
India,Lakshadweep,"Calendar Year (Jan - Dec), 2020",Open Area,,,0,0,1,1,1
India,Lakshadweep,"Calendar Year (Jan - Dec), 2020",Others,,,0,0,0,0,0
India,Lakshadweep,"Calendar Year (Jan - Dec), 2020",Residential Area,,,0,0,0,0,0
India,Madhya Pradesh,"Calendar Year (Jan - Dec), 2020",Institutional Area,,,425,588,2236,2759,2661
India,Madhya Pradesh,"Calendar Year (Jan - Dec), 2020",Market/ Commercial Area,,,1004,1078,5291,6373,6295
India,Madhya Pradesh,"Calendar Year (Jan - Dec), 2020",Open Area,,,2419,5715,18353,19636,20772
India,Madhya Pradesh,"Calendar Year (Jan - Dec), 2020",Others,,,731,1636,5856,6709,6587
India,Madhya Pradesh,"Calendar Year (Jan - Dec), 2020",Residential Area,,,1447,2124,8694,9789,10141
India,Maharashtra,"Calendar Year (Jan - Dec), 2020",Institutional Area,,,791,675,238,1386,1029
India,Maharashtra,"Calendar Year (Jan - Dec), 2020",Market/ Commercial Area,,,1195,918,575,2130,1770
India,Maharashtra,"Calendar Year (Jan - Dec), 2020",Open Area,,,7859,6852,3361,13878,11220
India,Maharashtra,"Calendar Year (Jan - Dec), 2020",Others,,,3,7,1,11,4
India,Maharashtra,"Calendar Year (Jan - Dec), 2020",Residential Area,,,4123,3117,1768,7566,5891
India,Manipur,"Calendar Year (Jan - Dec), 2020",Institutional Area,,,13,16,79,60,92
India,Manipur,"Calendar Year (Jan - Dec), 2020",Market/ Commercial Area,,,25,18,106,90,131
India,Manipur,"Calendar Year (Jan - Dec), 2020",Open Area,,,98,53,128,135,226
India,Manipur,"Calendar Year (Jan - Dec), 2020",Others,,,0,0,0,0,0
India,Manipur,"Calendar Year (Jan - Dec), 2020",Residential Area,,,80,40,134,147,214
India,Meghalaya,"Calendar Year (Jan - Dec), 2020",Institutional Area,,,9,4,0,9,9
India,Meghalaya,"Calendar Year (Jan - Dec), 2020",Market/ Commercial Area,,,9,11,1,22,10
India,Meghalaya,"Calendar Year (Jan - Dec), 2020",Open Area,,,50,75,54,94,104
India,Meghalaya,"Calendar Year (Jan - Dec), 2020",Others,,,44,21,22,32,66
India,Meghalaya,"Calendar Year (Jan - Dec), 2020",Residential Area,,,25,33,6,57,31
India,Mizoram,"Calendar Year (Jan - Dec), 2020",Institutional Area,,,0,0,0,0,0
India,Mizoram,"Calendar Year (Jan - Dec), 2020",Market/ Commercial Area,,,2,7,12,6,14
India,Mizoram,"Calendar Year (Jan - Dec), 2020",Open Area,,,9,13,11,17,20
India,Mizoram,"Calendar Year (Jan - Dec), 2020",Others,,,1,2,10,2,11
India,Mizoram,"Calendar Year (Jan - Dec), 2020",Residential Area,,,9,20,14,28,23
India,Nagaland,"Calendar Year (Jan - Dec), 2020",Institutional Area,,,10,2,18,46,28
India,Nagaland,"Calendar Year (Jan - Dec), 2020",Market/ Commercial Area,,,40,6,114,273,154
India,Nagaland,"Calendar Year (Jan - Dec), 2020",Open Area,,,18,25,47,114,65
India,Nagaland,"Calendar Year (Jan - Dec), 2020",Others,,,8,6,1,5,9
India,Nagaland,"Calendar Year (Jan - Dec), 2020",Residential Area,,,16,14,14,62,30
India,Odisha,"Calendar Year (Jan - Dec), 2020",Institutional Area,,,386,263,227,615,613
India,Odisha,"Calendar Year (Jan - Dec), 2020",Market/ Commercial Area,,,890,633,460,1604,1350
India,Odisha,"Calendar Year (Jan - Dec), 2020",Open Area,,,2530,2449,1952,4835,4482
India,Odisha,"Calendar Year (Jan - Dec), 2020",Others,,,764,682,498,1377,1262
India,Odisha,"Calendar Year (Jan - Dec), 2020",Residential Area,,,664,711,451,1386,1115
India,Puducherry,"Calendar Year (Jan - Dec), 2020",Institutional Area,,,75,22,145,170,220
India,Puducherry,"Calendar Year (Jan - Dec), 2020",Market/ Commercial Area,,,63,27,109,171,172
India,Puducherry,"Calendar Year (Jan - Dec), 2020",Open Area,,,33,38,121,157,154
India,Puducherry,"Calendar Year (Jan - Dec), 2020",Others,,,50,30,149,198,199
India,Puducherry,"Calendar Year (Jan - Dec), 2020",Residential Area,,,89,28,185,273,274
India,Punjab,"Calendar Year (Jan - Dec), 2020",Institutional Area,,,192,356,146,531,338
India,Punjab,"Calendar Year (Jan - Dec), 2020",Market/ Commercial Area,,,306,564,219,845,525
India,Punjab,"Calendar Year (Jan - Dec), 2020",Open Area,,,835,2022,493,2546,1328
India,Punjab,"Calendar Year (Jan - Dec), 2020",Others,,,145,325,83,436,228
India,Punjab,"Calendar Year (Jan - Dec), 2020",Residential Area,,,259,631,226,845,485
India,Rajasthan,"Calendar Year (Jan - Dec), 2020",Institutional Area,,,207,228,426,672,633
India,Rajasthan,"Calendar Year (Jan - Dec), 2020",Market/ Commercial Area,,,434,694,1257,1808,1691
India,Rajasthan,"Calendar Year (Jan - Dec), 2020",Open Area,,,2976,6335,7429,11972,10405
India,Rajasthan,"Calendar Year (Jan - Dec), 2020",Others,,,599,862,912,1784,1511
India,Rajasthan,"Calendar Year (Jan - Dec), 2020",Residential Area,,,588,1131,1941,2878,2529
India,Sikkim,"Calendar Year (Jan - Dec), 2020",Institutional Area,,,23,6,27,11,50
India,Sikkim,"Calendar Year (Jan - Dec), 2020",Market/ Commercial Area,,,16,11,28,41,44
India,Sikkim,"Calendar Year (Jan - Dec), 2020",Open Area,,,33,21,41,63,74
India,Sikkim,"Calendar Year (Jan - Dec), 2020",Others,,,0,0,0,0,0
India,Sikkim,"Calendar Year (Jan - Dec), 2020",Residential Area,,,19,9,31,23,50
India,Tamil Nadu,"Calendar Year (Jan - Dec), 2020",Institutional Area,,,504,843,4228,4422,4732
India,Tamil Nadu,"Calendar Year (Jan - Dec), 2020",Market/ Commercial Area,,,827,1180,7152,7332,7979
India,Tamil Nadu,"Calendar Year (Jan - Dec), 2020",Open Area,,,1541,4306,25866,23808,27407
India,Tamil Nadu,"Calendar Year (Jan - Dec), 2020",Others,,,347,334,1373,1732,1720
India,Tamil Nadu,"Calendar Year (Jan - Dec), 2020",Residential Area,,,499,1396,8214,8190,8713
India,Telangana,"Calendar Year (Jan - Dec), 2020",Institutional Area,,,70,143,495,544,565
India,Telangana,"Calendar Year (Jan - Dec), 2020",Market/ Commercial Area,,,297,797,2957,3418,3254
India,Telangana,"Calendar Year (Jan - Dec), 2020",Open Area,,,1522,3922,7185,8796,8707
India,Telangana,"Calendar Year (Jan - Dec), 2020",Others,,,146,1104,3501,3753,3647
India,Telangana,"Calendar Year (Jan - Dec), 2020",Residential Area,,,290,916,2198,2661,2488
India,The Dadra and Nagar Haveli and Daman and Diu,"Calendar Year (Jan - Dec), 2020",Institutional Area,,,8.00000000000000000000,12.00000000000000000000,0.00000000000000000000,15.00000000000000000000,8.00000000000000000000
India,The Dadra and Nagar Haveli and Daman and Diu,"Calendar Year (Jan - Dec), 2020",Market/ Commercial Area,,,15.00000000000000000000,12.00000000000000000000,7.00000000000000000000,26.00000000000000000000,22.00000000000000000000
India,The Dadra and Nagar Haveli and Daman and Diu,"Calendar Year (Jan - Dec), 2020",Open Area,,,9.00000000000000000000,15.00000000000000000000,11.00000000000000000000,23.00000000000000000000,20.00000000000000000000
India,The Dadra and Nagar Haveli and Daman and Diu,"Calendar Year (Jan - Dec), 2020",Others,,,0.00000000000000000000,0.00000000000000000000,0.00000000000000000000,0.00000000000000000000,0.00000000000000000000
India,The Dadra and Nagar Haveli and Daman and Diu,"Calendar Year (Jan - Dec), 2020",Residential Area,,,30.00000000000000000000,25.00000000000000000000,39.00000000000000000000,36.00000000000000000000,69.00000000000000000000
India,Tripura,"Calendar Year (Jan - Dec), 2020",Institutional Area,,,36,14,0,35,36
India,Tripura,"Calendar Year (Jan - Dec), 2020",Market/ Commercial Area,,,88,28,0,78,88
India,Tripura,"Calendar Year (Jan - Dec), 2020",Open Area,,,156,65,2,146,158
India,Tripura,"Calendar Year (Jan - Dec), 2020",Others,,,0,0,0,0,0
India,Tripura,"Calendar Year (Jan - Dec), 2020",Residential Area,,,179,85,9,207,188
India,Uttar Pradesh,"Calendar Year (Jan - Dec), 2020",Institutional Area,,,1598,2002,1141,3870,2739
India,Uttar Pradesh,"Calendar Year (Jan - Dec), 2020",Market/ Commercial Area,,,2354,3086,1443,5771,3797
India,Uttar Pradesh,"Calendar Year (Jan - Dec), 2020",Open Area,,,5236,7749,2832,13106,8068
India,Uttar Pradesh,"Calendar Year (Jan - Dec), 2020",Others,,,2343,3241,1568,5791,3911
India,Uttar Pradesh,"Calendar Year (Jan - Dec), 2020",Residential Area,,,2538,3071,1357,5705,3895
India,Uttarakhand,"Calendar Year (Jan - Dec), 2020",Institutional Area,,,53,26,5,63,58
India,Uttarakhand,"Calendar Year (Jan - Dec), 2020",Market/ Commercial Area,,,152,150,39,267,191
India,Uttarakhand,"Calendar Year (Jan - Dec), 2020",Open Area,,,338,371,120,496,458
India,Uttarakhand,"Calendar Year (Jan - Dec), 2020",Others,,,11,9,1,15,12
India,Uttarakhand,"Calendar Year (Jan - Dec), 2020",Residential Area,,,115,118,20,200,135
India,West Bengal,"Calendar Year (Jan - Dec), 2020",Institutional Area,,,129,135,25,230,154
India,West Bengal,"Calendar Year (Jan - Dec), 2020",Market/ Commercial Area,,,1051,696,114,1397,1165
India,West Bengal,"Calendar Year (Jan - Dec), 2020",Open Area,,,3300,2010,479,3679,3779
India,West Bengal,"Calendar Year (Jan - Dec), 2020",Others,,,1011,677,130,1292,1141
India,West Bengal,"Calendar Year (Jan - Dec), 2020",Residential Area,,,1839,1409,236,2582,2075
India,Andaman and Nicobar Islands,"Calendar Year (Jan - Dec), 2019",Institutional Area,,,9,3,22,35,31
India,Andaman and Nicobar Islands,"Calendar Year (Jan - Dec), 2019",Market/ Commercial Area,,,22,6,41,78,63
India,Andaman and Nicobar Islands,"Calendar Year (Jan - Dec), 2019",Open Area,34,33,6,2,13,24,19
India,Andaman and Nicobar Islands,"Calendar Year (Jan - Dec), 2019",Others,,,0,0,0,0,0
India,Andaman and Nicobar Islands,"Calendar Year (Jan - Dec), 2019",Residential Area,,,37,9,57,93,94
India,Andhra Pradesh,"Calendar Year (Jan - Dec), 2019",Institutional Area,,,331,306,778,962,1109
India,Andhra Pradesh,"Calendar Year (Jan - Dec), 2019",Market/ Commercial Area,,,775,666,1894,2672,2669
India,Andhra Pradesh,"Calendar Year (Jan - Dec), 2019",Open Area,8,7,2450,4570,10762,11308,13212
India,Andhra Pradesh,"Calendar Year (Jan - Dec), 2019",Others,,,1134,969,1324,2435,2458
India,Andhra Pradesh,"Calendar Year (Jan - Dec), 2019",Residential Area,,,1600,1473,3571,4615,5171
India,Arunachal Pradesh,"Calendar Year (Jan - Dec), 2019",Institutional Area,,,27,11,28,23,55
India,Arunachal Pradesh,"Calendar Year (Jan - Dec), 2019",Market/ Commercial Area,,,31,29,30,61,61
India,Arunachal Pradesh,"Calendar Year (Jan - Dec), 2019",Open Area,28,30,50,45,32,75,82
India,Arunachal Pradesh,"Calendar Year (Jan - Dec), 2019",Others,,,30,29,24,52,54
India,Arunachal Pradesh,"Calendar Year (Jan - Dec), 2019",Residential Area,,,28,13,29,26,57
India,Assam,"Calendar Year (Jan - Dec), 2019",Institutional Area,,,570,234,141,787,711
India,Assam,"Calendar Year (Jan - Dec), 2019",Market/ Commercial Area,,,1151,505,191,1618,1342
India,Assam,"Calendar Year (Jan - Dec), 2019",Open Area,17,16,2699,1479,267,3353,2966
India,Assam,"Calendar Year (Jan - Dec), 2019",Others,,,712,381,138,957,850
India,Assam,"Calendar Year (Jan - Dec), 2019",Residential Area,,,1322,609,282,1635,1604
India,Bihar,"Calendar Year (Jan - Dec), 2019",Institutional Area,,,662,626,37,948,699
India,Bihar,"Calendar Year (Jan - Dec), 2019",Market/ Commercial Area,,,1057,1002,86,1523,1143
India,Bihar,"Calendar Year (Jan - Dec), 2019",Open Area,9,13,3504,3933,115,5233,3619
India,Bihar,"Calendar Year (Jan - Dec), 2019",Others,,,127,115,1,163,128
India,Bihar,"Calendar Year (Jan - Dec), 2019",Residential Area,,,1522,1529,95,2140,1617
India,Chandigarh,"Calendar Year (Jan - Dec), 2019",Institutional Area,,,1,2,9,11,10
India,Chandigarh,"Calendar Year (Jan - Dec), 2019",Market/ Commercial Area,,,1,5,32,38,33
India,Chandigarh,"Calendar Year (Jan - Dec), 2019",Open Area,24,25,14,89,203,232,217
India,Chandigarh,"Calendar Year (Jan - Dec), 2019",Others,,,0,0,0,0,0
India,Chandigarh,"Calendar Year (Jan - Dec), 2019",Residential Area,,,1,8,14,24,15
India,Chhattisgarh,"Calendar Year (Jan - Dec), 2019",Institutional Area,,,71,139,346,420,417
India,Chhattisgarh,"Calendar Year (Jan - Dec), 2019",Market/ Commercial Area,,,213,275,726,1124,939
India,Chhattisgarh,"Calendar Year (Jan - Dec), 2019",Open Area,11,10,1341,3107,6164,7725,7505
India,Chhattisgarh,"Calendar Year (Jan - Dec), 2019",Others,,,282,388,796,1125,1078
India,Chhattisgarh,"Calendar Year (Jan - Dec), 2019",Residential Area,,,644,1094,2507,3505,3151
India,Delhi,"Calendar Year (Jan - Dec), 2019",Institutional Area,,,26,47,126,164,152
India,Delhi,"Calendar Year (Jan - Dec), 2019",Market/ Commercial Area,,,106,197,537,722,643
India,Delhi,"Calendar Year (Jan - Dec), 2019",Open Area,20,18,374,752,1819,2499,2193
India,Delhi,"Calendar Year (Jan - Dec), 2019",Others,,,179,342,1183,1461,1362
India,Delhi,"Calendar Year (Jan - Dec), 2019",Residential Area,,,93,125,709,764,802
India,Goa,"Calendar Year (Jan - Dec), 2019",Institutional Area,,,16,9,41,206,57
India,Goa,"Calendar Year (Jan - Dec), 2019",Market/ Commercial Area,,,43,34,163,786,206
India,Goa,"Calendar Year (Jan - Dec), 2019",Open Area,23,22,119,139,508,1344,627
India,Goa,"Calendar Year (Jan - Dec), 2019",Others,,,0,0,0,0,0
India,Goa,"Calendar Year (Jan - Dec), 2019",Residential Area,,,87,115,471,1104,558
India,Gujarat,"Calendar Year (Jan - Dec), 2019",Institutional Area,,,653,384,490,1088,1143
India,Gujarat,"Calendar Year (Jan - Dec), 2019",Market/ Commercial Area,,,1112,629,773,1976,1885
India,Gujarat,"Calendar Year (Jan - Dec), 2019",Open Area,7,8,5776,5047,4070,10279,9846
India,Gujarat,"Calendar Year (Jan - Dec), 2019",Others,,,0,0,0,0,0
India,Gujarat,"Calendar Year (Jan - Dec), 2019",Residential Area,,,1966,1330,1418,3703,3384
India,Haryana,"Calendar Year (Jan - Dec), 2019",Institutional Area,,,350,418,362,833,712
India,Haryana,"Calendar Year (Jan - Dec), 2019",Market/ Commercial Area,,,486,616,801,1375,1287
India,Haryana,"Calendar Year (Jan - Dec), 2019",Open Area,14,14,1048,2050,2554,4392,3602
India,Haryana,"Calendar Year (Jan - Dec), 2019",Others,,,611,1259,1763,2763,2374
India,Haryana,"Calendar Year (Jan - Dec), 2019",Residential Area,,,404,714,983,1581,1387
India,Himachal Pradesh,"Calendar Year (Jan - Dec), 2019",Institutional Area,,,148,94,343,316,491
India,Himachal Pradesh,"Calendar Year (Jan - Dec), 2019",Market/ Commercial Area,,,197,109,414,471,611
India,Himachal Pradesh,"Calendar Year (Jan - Dec), 2019",Open Area,19,21,814,794,2317,1670,3131
India,Himachal Pradesh,"Calendar Year (Jan - Dec), 2019",Others,,,0,2,15,8,15
India,Himachal Pradesh,"Calendar Year (Jan - Dec), 2019",Residential Area,,,173,147,483,408,656
India,Jammu and Kashmir,"Calendar Year (Jan - Dec), 2019",Institutional Area,,,200.51600631005187244050,22.49691778112777105430,109.55020832549175469920,240.61920757206224692860,310.06621463554362713970
India,Jammu and Kashmir,"Calendar Year (Jan - Dec), 2019",Market/ Commercial Area,,,414.72578866079021421840,81.18452938406978250030,354.08192333775013572420,670.99502599363699753260,768.80771199854034994260
India,Jammu and Kashmir,"Calendar Year (Jan - Dec), 2019",Open Area,22,17,2342.61382981743529021950,483.19466886422256090540,1252.98050772281194437210,2589.10179854979173829270,3595.59433754024723459160
India,Jammu and Kashmir,"Calendar Year (Jan - Dec), 2019",Others,,,889.11731578457147340690,227.90355839142481111530,619.15430241103822075530,1257.87114202305711199260,1508.27161819560969416220
India,Jammu and Kashmir,"Calendar Year (Jan - Dec), 2019",Residential Area,,,284.63491627426875551310,159.43467818799246442830,899.87671124511084217200,910.63610670565021093710,1184.51162751937959768510
India,Jharkhand,"Calendar Year (Jan - Dec), 2019",Institutional Area,,,245,273,90,419,335
India,Jharkhand,"Calendar Year (Jan - Dec), 2019",Market/ Commercial Area,,,480,528,125,802,605
India,Jharkhand,"Calendar Year (Jan - Dec), 2019",Open Area,16,20,1206,1585,282,2068,1488
India,Jharkhand,"Calendar Year (Jan - Dec), 2019",Others,,,379,499,152,688,531
India,Jharkhand,"Calendar Year (Jan - Dec), 2019",Residential Area,,,694,916,165,1240,859
India,Karnataka,"Calendar Year (Jan - Dec), 2019",Institutional Area,,,2126,550,2016,3204,4142
India,Karnataka,"Calendar Year (Jan - Dec), 2019",Market/ Commercial Area,,,3551,1205,2987,5418,6538
India,Karnataka,"Calendar Year (Jan - Dec), 2019",Open Area,2,2,17548,8030,15601,26639,33149
India,Karnataka,"Calendar Year (Jan - Dec), 2019",Others,,,94,25,93,146,187
India,Karnataka,"Calendar Year (Jan - Dec), 2019",Residential Area,,,3636,1148,2795,5251,6431
India,Kerala,"Calendar Year (Jan - Dec), 2019",Institutional Area,,,1356,169,577,1731,1933
India,Kerala,"Calendar Year (Jan - Dec), 2019",Market/ Commercial Area,,,2739,351,1244,3692,3983
India,Kerala,"Calendar Year (Jan - Dec), 2019",Open Area,18,11,5212,817,2271,6539,7483
India,Kerala,"Calendar Year (Jan - Dec), 2019",Others,,,20487,2742,8398,25776,28885
India,Kerala,"Calendar Year (Jan - Dec), 2019",Residential Area,,,2776,361,995,3373,3771
India,Ladakh,"Calendar Year (Jan - Dec), 2019",Institutional Area,,,4.48399368994812755950,0.50308221887222894570,2.44979167450824530080,5.38079242793775307140,6.93378536445637286030
India,Ladakh,"Calendar Year (Jan - Dec), 2019",Market/ Commercial Area,,,9.27421133920978578160,1.81547061593021749970,7.91807666224986427580,15.00497400636300246740,17.19228800145965005740
India,Ladakh,"Calendar Year (Jan - Dec), 2019",Open Area,22,17,52.38617018256470978050,10.80533113577743909460,28.01949227718805562790,57.89820145020826170730,80.40566245975276540840
India,Ladakh,"Calendar Year (Jan - Dec), 2019",Others,,,19.88268421542852659310,5.09644160857518888470,13.84569758896177924470,28.12885797694288800740,33.72838180439030583780
India,Ladakh,"Calendar Year (Jan - Dec), 2019",Residential Area,,,6.36508372573124448690,3.56532181200753557170,20.12328875488915782800,20.36389329434978906290,26.48837248062040231490
India,Lakshadweep,"Calendar Year (Jan - Dec), 2019",Institutional Area,,,0,0,0,0,0
India,Lakshadweep,"Calendar Year (Jan - Dec), 2019",Market/ Commercial Area,,,0,0,0,0,0
India,Lakshadweep,"Calendar Year (Jan - Dec), 2019",Open Area,36,36,0,0,0,0,0
India,Lakshadweep,"Calendar Year (Jan - Dec), 2019",Others,,,0,0,0,0,0
India,Lakshadweep,"Calendar Year (Jan - Dec), 2019",Residential Area,,,1,0,0,1,1
India,Madhya Pradesh,"Calendar Year (Jan - Dec), 2019",Institutional Area,,,365,511,2164,2605,2529
India,Madhya Pradesh,"Calendar Year (Jan - Dec), 2019",Market/ Commercial Area,,,918,966,5712,7002,6630
India,Madhya Pradesh,"Calendar Year (Jan - Dec), 2019",Open Area,5,3,3138,5646,19347,20272,22485
India,Madhya Pradesh,"Calendar Year (Jan - Dec), 2019",Others,,,1050,2063,9331,10399,10381
India,Madhya Pradesh,"Calendar Year (Jan - Dec), 2019",Residential Area,,,1840,2063,8951,10391,10791
India,Maharashtra,"Calendar Year (Jan - Dec), 2019",Institutional Area,,,1578,1058,645,2763,2223
India,Maharashtra,"Calendar Year (Jan - Dec), 2019",Market/ Commercial Area,,,2023,1189,990,3393,3013
India,Maharashtra,"Calendar Year (Jan - Dec), 2019",Open Area,4,4,8792,6831,4884,15339,13676
India,Maharashtra,"Calendar Year (Jan - Dec), 2019",Others,,,4,5,2,10,6
India,Maharashtra,"Calendar Year (Jan - Dec), 2019",Residential Area,,,6755,3705,2955,11420,9710
India,Manipur,"Calendar Year (Jan - Dec), 2019",Institutional Area,,,6,7,101,77,107
India,Manipur,"Calendar Year (Jan - Dec), 2019",Market/ Commercial Area,,,21,21,158,115,179
India,Manipur,"Calendar Year (Jan - Dec), 2019",Open Area,26,26,161,61,175,208,336
India,Manipur,"Calendar Year (Jan - Dec), 2019",Others,,,22,1,0,13,22
India,Manipur,"Calendar Year (Jan - Dec), 2019",Residential Area,,,74,66,337,259,411
India,Meghalaya,"Calendar Year (Jan - Dec), 2019",Institutional Area,,,7,5,1,22,8
India,Meghalaya,"Calendar Year (Jan - Dec), 2019",Market/ Commercial Area,,,19,23,19,68,38
India,Meghalaya,"Calendar Year (Jan - Dec), 2019",Open Area,27,28,28,49,43,118,71
India,Meghalaya,"Calendar Year (Jan - Dec), 2019",Others,,,18,61,7,90,25
India,Meghalaya,"Calendar Year (Jan - Dec), 2019",Residential Area,,,45,41,35,184,80
India,Mizoram,"Calendar Year (Jan - Dec), 2019",Institutional Area,,,0,1,0,2,0
India,Mizoram,"Calendar Year (Jan - Dec), 2019",Market/ Commercial Area,,,0,5,1,6,1
India,Mizoram,"Calendar Year (Jan - Dec), 2019",Open Area,31,32,5,22,27,25,32
India,Mizoram,"Calendar Year (Jan - Dec), 2019",Others,,,1,3,9,3,10
India,Mizoram,"Calendar Year (Jan - Dec), 2019",Residential Area,,,5,17,8,26,13
India,Nagaland,"Calendar Year (Jan - Dec), 2019",Institutional Area,,,7,0,12,26,19
India,Nagaland,"Calendar Year (Jan - Dec), 2019",Market/ Commercial Area,,,25,5,44,129,69
India,Nagaland,"Calendar Year (Jan - Dec), 2019",Open Area,32,29,33,14,38,105,71
India,Nagaland,"Calendar Year (Jan - Dec), 2019",Others,,,5,1,18,3,23
India,Nagaland,"Calendar Year (Jan - Dec), 2019",Residential Area,,,20,6,44,95,64
India,Odisha,"Calendar Year (Jan - Dec), 2019",Institutional Area,,,371,186,333,521,704
India,Odisha,"Calendar Year (Jan - Dec), 2019",Market/ Commercial Area,,,998,666,738,1641,1736
India,Odisha,"Calendar Year (Jan - Dec), 2019",Open Area,12,12,3111,2929,2392,5631,5503
India,Odisha,"Calendar Year (Jan - Dec), 2019",Others,,,971,822,649,1677,1620
India,Odisha,"Calendar Year (Jan - Dec), 2019",Residential Area,,,864,730,750,1594,1614
India,Puducherry,"Calendar Year (Jan - Dec), 2019",Institutional Area,,,113,20,145,226,258
India,Puducherry,"Calendar Year (Jan - Dec), 2019",Market/ Commercial Area,,,102,29,142,246,244
India,Puducherry,"Calendar Year (Jan - Dec), 2019",Open Area,29,24,111,41,219,234,330
India,Puducherry,"Calendar Year (Jan - Dec), 2019",Others,,,144,27,292,390,436
India,Puducherry,"Calendar Year (Jan - Dec), 2019",Residential Area,,,154,30,197,296,351
India,Punjab,"Calendar Year (Jan - Dec), 2019",Institutional Area,,,489,565,159,1483,648
India,Punjab,"Calendar Year (Jan - Dec), 2019",Market/ Commercial Area,,,589,389,201,1128,790
India,Punjab,"Calendar Year (Jan - Dec), 2019",Open Area,15,19,1021,2042,557,2252,1578
India,Punjab,"Calendar Year (Jan - Dec), 2019",Others,,,25,624,9,226,34
India,Punjab,"Calendar Year (Jan - Dec), 2019",Residential Area,,,531,905,231,1259,762
India,Rajasthan,"Calendar Year (Jan - Dec), 2019",Institutional Area,,,256,234,544,833,800
India,Rajasthan,"Calendar Year (Jan - Dec), 2019",Market/ Commercial Area,,,626,561,1434,2089,2060
India,Rajasthan,"Calendar Year (Jan - Dec), 2019",Open Area,3,5,4251,7731,11036,15316,15287
India,Rajasthan,"Calendar Year (Jan - Dec), 2019",Others,,,506,681,914,1594,1420
India,Rajasthan,"Calendar Year (Jan - Dec), 2019",Residential Area,,,1062,1356,2350,3648,3412
India,Sikkim,"Calendar Year (Jan - Dec), 2019",Institutional Area,,,6,4,4,12,10
India,Sikkim,"Calendar Year (Jan - Dec), 2019",Market/ Commercial Area,,,11,2,9,9,20
India,Sikkim,"Calendar Year (Jan - Dec), 2019",Open Area,30,31,32,29,105,58,137
India,Sikkim,"Calendar Year (Jan - Dec), 2019",Others,,,43,25,22,46,65
India,Sikkim,"Calendar Year (Jan - Dec), 2019",Residential Area,,,42,13,44,37,86
India,Tamil Nadu,"Calendar Year (Jan - Dec), 2019",Institutional Area,,,631,948,5009,5118,5640
India,Tamil Nadu,"Calendar Year (Jan - Dec), 2019",Market/ Commercial Area,,,1105,1604,9345,9507,10450
India,Tamil Nadu,"Calendar Year (Jan - Dec), 2019",Open Area,6,1,1697,5361,34343,29010,36040
India,Tamil Nadu,"Calendar Year (Jan - Dec), 2019",Others,,,325,544,2304,2572,2629
India,Tamil Nadu,"Calendar Year (Jan - Dec), 2019",Residential Area,,,1118,2068,11260,11021,12378
India,Telangana,"Calendar Year (Jan - Dec), 2019",Institutional Area,,,64,269,734,812,798
India,Telangana,"Calendar Year (Jan - Dec), 2019",Market/ Commercial Area,,,401,893,4501,5202,4902
India,Telangana,"Calendar Year (Jan - Dec), 2019",Open Area,10,9,1554,3681,7687,8655,9241
India,Telangana,"Calendar Year (Jan - Dec), 2019",Others,,,495,1082,3162,3378,3657
India,Telangana,"Calendar Year (Jan - Dec), 2019",Residential Area,,,364,1039,3037,3523,3401
India,The Dadra and Nagar Haveli and Daman and Diu,"Calendar Year (Jan - Dec), 2019",Institutional Area,,,9.00000000000000000000,7.00000000000000000000,4.00000000000000000000,11.00000000000000000000,13.00000000000000000000
India,The Dadra and Nagar Haveli and Daman and Diu,"Calendar Year (Jan - Dec), 2019",Market/ Commercial Area,,,37.00000000000000000000,28.00000000000000000000,13.00000000000000000000,44.00000000000000000000,50.00000000000000000000
India,The Dadra and Nagar Haveli and Daman and Diu,"Calendar Year (Jan - Dec), 2019",Open Area,33,34,8.00000000000000000000,6.00000000000000000000,4.00000000000000000000,17.00000000000000000000,12.00000000000000000000
India,The Dadra and Nagar Haveli and Daman and Diu,"Calendar Year (Jan - Dec), 2019",Open Area,34,35,5.00000000000000000000,2.00000000000000000000,0.00000000000000000000,2.00000000000000000000,5.00000000000000000000
India,The Dadra and Nagar Haveli and Daman and Diu,"Calendar Year (Jan - Dec), 2019",Others,,,0.00000000000000000000,0.00000000000000000000,0.00000000000000000000,0.00000000000000000000,0.00000000000000000000
India,The Dadra and Nagar Haveli and Daman and Diu,"Calendar Year (Jan - Dec), 2019",Residential Area,,,79.00000000000000000000,34.00000000000000000000,20.00000000000000000000,63.00000000000000000000,99.00000000000000000000
India,Tripura,"Calendar Year (Jan - Dec), 2019",Institutional Area,,,123,28,2,101,125
India,Tripura,"Calendar Year (Jan - Dec), 2019",Market/ Commercial Area,,,140,37,1,118,141
India,Tripura,"Calendar Year (Jan - Dec), 2019",Open Area,25,27,217,64,1,135,218
India,Tripura,"Calendar Year (Jan - Dec), 2019",Others,,,0,0,0,0,0
India,Tripura,"Calendar Year (Jan - Dec), 2019",Residential Area,,,327,110,5,301,332
India,Uttar Pradesh,"Calendar Year (Jan - Dec), 2019",Institutional Area,,,2243,2466,1418,5168,3661
India,Uttar Pradesh,"Calendar Year (Jan - Dec), 2019",Market/ Commercial Area,,,3115,3515,1917,7084,5032
India,Uttar Pradesh,"Calendar Year (Jan - Dec), 2019",Open Area,1,6,6739,8807,3250,15289,9989
India,Uttar Pradesh,"Calendar Year (Jan - Dec), 2019",Others,,,3175,4187,1815,7550,4990
India,Uttar Pradesh,"Calendar Year (Jan - Dec), 2019",Residential Area,,,3231,3680,2029,7481,5260
India,Uttarakhand,"Calendar Year (Jan - Dec), 2019",Institutional Area,,,46,36,6,62,52
India,Uttarakhand,"Calendar Year (Jan - Dec), 2019",Market/ Commercial Area,,,273,188,77,377,350
India,Uttarakhand,"Calendar Year (Jan - Dec), 2019",Open Area,21,23,639,495,136,637,775
India,Uttarakhand,"Calendar Year (Jan - Dec), 2019",Others,,,18,16,3,17,21
India,Uttarakhand,"Calendar Year (Jan - Dec), 2019",Residential Area,,,220,132,39,259,259
India,West Bengal,"Calendar Year (Jan - Dec), 2019",Institutional Area,,,239,179,32,284,271
India,West Bengal,"Calendar Year (Jan - Dec), 2019",Market/ Commercial Area,,,1146,762,187,1551,1333
India,West Bengal,"Calendar Year (Jan - Dec), 2019",Open Area,13,15,3251,2161,601,3671,3852
India,West Bengal,"Calendar Year (Jan - Dec), 2019",Others,,,1478,905,251,1808,1729
India,West Bengal,"Calendar Year (Jan - Dec), 2019",Residential Area,,,2271,1493,301,2844,2572
India,Andaman and Nicobar Islands,"Calendar Year (Jan - Dec), 2018",Institutional Area,,,15,2,25,34,40
India,Andaman and Nicobar Islands,"Calendar Year (Jan - Dec), 2018",Market/ Commercial Area,,,19,7,71,89,90
India,Andaman and Nicobar Islands,"Calendar Year (Jan - Dec), 2018",Open Area,34,32,10,2,32,46,42
India,Andaman and Nicobar Islands,"Calendar Year (Jan - Dec), 2018",Others,,,1,0,1,2,2
India,Andaman and Nicobar Islands,"Calendar Year (Jan - Dec), 2018",Residential Area,,,14,8,72,83,86
India,Andhra Pradesh,"Calendar Year (Jan - Dec), 2018",Institutional Area,,,403,274,701,1134,1104
India,Andhra Pradesh,"Calendar Year (Jan - Dec), 2018",Market/ Commercial Area,,,855,848,1888,3190,2743
India,Andhra Pradesh,"Calendar Year (Jan - Dec), 2018",Open Area,9,7,2667,4223,9690,12731,12357
India,Andhra Pradesh,"Calendar Year (Jan - Dec), 2018",Others,,,1293,1057,2228,3614,3521
India,Andhra Pradesh,"Calendar Year (Jan - Dec), 2018",Residential Area,,,1249,1154,2482,3806,3731
India,Arunachal Pradesh,"Calendar Year (Jan - Dec), 2018",Institutional Area,,,34,32,16,52,50
India,Arunachal Pradesh,"Calendar Year (Jan - Dec), 2018",Market/ Commercial Area,,,39,34,19,51,58
India,Arunachal Pradesh,"Calendar Year (Jan - Dec), 2018",Open Area,30,31,64,46,29,66,93
India,Arunachal Pradesh,"Calendar Year (Jan - Dec), 2018",Others,,,48,42,24,71,72
India,Arunachal Pradesh,"Calendar Year (Jan - Dec), 2018",Residential Area,,,36,21,14,37,50
India,Assam,"Calendar Year (Jan - Dec), 2018",Institutional Area,,,468,223,123,709,591
India,Assam,"Calendar Year (Jan - Dec), 2018",Market/ Commercial Area,,,1239,568,284,1819,1523
India,Assam,"Calendar Year (Jan - Dec), 2018",Open Area,17,16,2483,1163,594,3180,3077
India,Assam,"Calendar Year (Jan - Dec), 2018",Others,,,951,603,204,1379,1155
India,Assam,"Calendar Year (Jan - Dec), 2018",Residential Area,,,823,409,206,1161,1029
India,Bihar,"Calendar Year (Jan - Dec), 2018",Institutional Area,,,353,312,93,478,446
India,Bihar,"Calendar Year (Jan - Dec), 2018",Market/ Commercial Area,,,773,854,292,1410,1065
India,Bihar,"Calendar Year (Jan - Dec), 2018",Open Area,8,12,3143,4360,667,5892,3810
India,Bihar,"Calendar Year (Jan - Dec), 2018",Others,,,0,0,0,0,0
India,Bihar,"Calendar Year (Jan - Dec), 2018",Residential Area,,,1037,1203,321,1820,1358
India,Chandigarh,"Calendar Year (Jan - Dec), 2018",Institutional Area,,,0,2,16,11,16
India,Chandigarh,"Calendar Year (Jan - Dec), 2018",Market/ Commercial Area,,,1,9,33,39,34
India,Chandigarh,"Calendar Year (Jan - Dec), 2018",Open Area,24,25,17,78,201,237,218
India,Chandigarh,"Calendar Year (Jan - Dec), 2018",Others,,,0,0,0,0,0
India,Chandigarh,"Calendar Year (Jan - Dec), 2018",Residential Area,,,3,9,29,29,32
India,Chhattisgarh,"Calendar Year (Jan - Dec), 2018",Institutional Area,,,76,223,481,879,557
India,Chhattisgarh,"Calendar Year (Jan - Dec), 2018",Market/ Commercial Area,,,167,302,766,1270,933
India,Chhattisgarh,"Calendar Year (Jan - Dec), 2018",Open Area,11,11,1224,2526,5157,6837,6381
India,Chhattisgarh,"Calendar Year (Jan - Dec), 2018",Others,,,383,577,1633,1687,2016
India,Chhattisgarh,"Calendar Year (Jan - Dec), 2018",Residential Area,,,647,964,2181,3191,2828
India,Delhi,"Calendar Year (Jan - Dec), 2018",Institutional Area,,,46,70,198,253,244
India,Delhi,"Calendar Year (Jan - Dec), 2018",Market/ Commercial Area,,,122,178,635,769,757
India,Delhi,"Calendar Year (Jan - Dec), 2018",Open Area,18,17,491,876,2183,2973,2674
India,Delhi,"Calendar Year (Jan - Dec), 2018",Others,,,297,390,1177,1608,1474
India,Delhi,"Calendar Year (Jan - Dec), 2018",Residential Area,,,164,176,773,912,937
India,Goa,"Calendar Year (Jan - Dec), 2018",Institutional Area,,,3,2,6,35,9
India,Goa,"Calendar Year (Jan - Dec), 2018",Market/ Commercial Area,,,105,84,309,1103,414
India,Goa,"Calendar Year (Jan - Dec), 2018",Open Area,23,19,179,124,715,2265,894
India,Goa,"Calendar Year (Jan - Dec), 2018",Others,,,0,0,0,0,0
India,Goa,"Calendar Year (Jan - Dec), 2018",Residential Area,,,59,52,173,306,232
India,Gujarat,"Calendar Year (Jan - Dec), 2018",Institutional Area,,,578,333,496,1047,1074
India,Gujarat,"Calendar Year (Jan - Dec), 2018",Market/ Commercial Area,,,1215,749,1134,2483,2349
India,Gujarat,"Calendar Year (Jan - Dec), 2018",Open Area,6,8,5734,5459,4506,11085,10240
India,Gujarat,"Calendar Year (Jan - Dec), 2018",Others,,,38,24,14,56,52
India,Gujarat,"Calendar Year (Jan - Dec), 2018",Residential Area,,,2047,1431,1705,4098,3752
India,Haryana,"Calendar Year (Jan - Dec), 2018",Institutional Area,,,200,524,884,1213,1084
India,Haryana,"Calendar Year (Jan - Dec), 2018",Market/ Commercial Area,,,302,761,1106,1630,1408
India,Haryana,"Calendar Year (Jan - Dec), 2018",Open Area,15,15,924,1990,2693,4307,3617
India,Haryana,"Calendar Year (Jan - Dec), 2018",Others,,,356,1010,1882,2196,2238
India,Haryana,"Calendar Year (Jan - Dec), 2018",Residential Area,,,337,833,1336,1892,1673
India,Himachal Pradesh,"Calendar Year (Jan - Dec), 2018",Institutional Area,,,110,59,215,230,325
India,Himachal Pradesh,"Calendar Year (Jan - Dec), 2018",Market/ Commercial Area,,,297,168,598,622,895
India,Himachal Pradesh,"Calendar Year (Jan - Dec), 2018",Open Area,20,22,776,778,2405,1647,3181
India,Himachal Pradesh,"Calendar Year (Jan - Dec), 2018",Others,,,13,10,30,24,43
India,Himachal Pradesh,"Calendar Year (Jan - Dec), 2018",Residential Area,,,237,193,870,587,1107
India,Jammu and Kashmir,"Calendar Year (Jan - Dec), 2018",Institutional Area,,,207.36289433039510710920,21.51879092107873753020,66.51262648333427963880,211.27540177059124120560,273.87552081372938674800
India,Jammu and Kashmir,"Calendar Year (Jan - Dec), 2018",Market/ Commercial Area,,,340.38814729706366638680,139.87214098701179394630,582.96360858922398036360,775.65460001888358461130,923.35175588628764675040
India,Jammu and Kashmir,"Calendar Year (Jan - Dec), 2018",Open Area,22,20,2186.11353220958992636350,368.75382623848563858570,948.78305424756251837700,2170.46350244880538997790,3134.89658645715244474050
India,Jammu and Kashmir,"Calendar Year (Jan - Dec), 2018",Others,,,1100.39271755516271461250,273.87552081372938674800,1033.88009107182843497370,1704.87511706546543250630,2134.27280862699114958620
India,Jammu and Kashmir,"Calendar Year (Jan - Dec), 2018",Residential Area,,,243.55358815220934750090,158.45655132794343090420,963.45495714829802123850,984.97374806937675876870,1207.00854530050736873940
India,Jharkhand,"Calendar Year (Jan - Dec), 2018",Institutional Area,,,217,230,69,397,286
India,Jharkhand,"Calendar Year (Jan - Dec), 2018",Market/ Commercial Area,,,539,546,122,895,661
India,Jharkhand,"Calendar Year (Jan - Dec), 2018",Open Area,16,21,1205,1443,323,2060,1528
India,Jharkhand,"Calendar Year (Jan - Dec), 2018",Others,,,567,655,142,1035,709
India,Jharkhand,"Calendar Year (Jan - Dec), 2018",Residential Area,,,640,668,151,1007,791
India,Karnataka,"Calendar Year (Jan - Dec), 2018",Institutional Area,,,997,327,1599,1986,2596
India,Karnataka,"Calendar Year (Jan - Dec), 2018",Market/ Commercial Area,,,2485,884,2877,4487,5362
India,Karnataka,"Calendar Year (Jan - Dec), 2018",Open Area,1,1,17506,9624,25339,34476,42845
India,Karnataka,"Calendar Year (Jan - Dec), 2018",Others,,,69,27,194,144,263
India,Karnataka,"Calendar Year (Jan - Dec), 2018",Residential Area,,,220,128,276,614,496
India,Kerala,"Calendar Year (Jan - Dec), 2018",Institutional Area,,,1315,186,612,1656,1927
India,Kerala,"Calendar Year (Jan - Dec), 2018",Market/ Commercial Area,,,2888,345,1295,3763,4183
India,Kerala,"Calendar Year (Jan - Dec), 2018",Open Area,19,10,5348,784,2547,6918,7895
India,Kerala,"Calendar Year (Jan - Dec), 2018",Others,,,19606,2707,8275,24708,27881
India,Kerala,"Calendar Year (Jan - Dec), 2018",Residential Area,,,2515,281,1057,3136,3572
India,Ladakh,"Calendar Year (Jan - Dec), 2018",Institutional Area,,,4.63710566960489289080,0.48120907892126246980,1.48737351666572036120,4.72459822940875879440,6.12447918627061325200
India,Ladakh,"Calendar Year (Jan - Dec), 2018",Market/ Commercial Area,,,7.61185270293633361320,3.12785901298820605370,13.03639141077601963640,17.34539998111641538870,20.64824411371235324960
India,Ladakh,"Calendar Year (Jan - Dec), 2018",Open Area,22,20,48.88646779041007363650,8.24617376151436141430,21.21694575243748162300,48.53649755119461002210,70.10341354284755525950
India,Ladakh,"Calendar Year (Jan - Dec), 2018",Others,,,24.60728244483728538750,6.12447918627061325200,23.11990892817156502630,38.12488293453456749370,47.72719137300885041380
India,Ladakh,"Calendar Year (Jan - Dec), 2018",Residential Area,,,5.44641184779065249910,3.54344867205656909580,21.54504285170197876150,22.02625193062324123130,26.99145469949263126060
India,Lakshadweep,"Calendar Year (Jan - Dec), 2018",Institutional Area,,,0,0,0,0,0
India,Lakshadweep,"Calendar Year (Jan - Dec), 2018",Market/ Commercial Area,,,0,0,0,0,0
India,Lakshadweep,"Calendar Year (Jan - Dec), 2018",Open Area,35,35,1,1,0,1,1
India,Lakshadweep,"Calendar Year (Jan - Dec), 2018",Others,,,2,0,0,2,2
India,Lakshadweep,"Calendar Year (Jan - Dec), 2018",Residential Area,,,0,0,0,0,0
India,Madhya Pradesh,"Calendar Year (Jan - Dec), 2018",Institutional Area,,,272,357,1806,2436,2078
India,Madhya Pradesh,"Calendar Year (Jan - Dec), 2018",Market/ Commercial Area,,,738,779,5320,6185,6058
India,Madhya Pradesh,"Calendar Year (Jan - Dec), 2018",Open Area,7,3,2719,5363,21655,20767,24374
India,Madhya Pradesh,"Calendar Year (Jan - Dec), 2018",Others,,,1155,2107,8997,10402,10152
India,Madhya Pradesh,"Calendar Year (Jan - Dec), 2018",Residential Area,,,1206,2100,10794,11607,12000
India,Maharashtra,"Calendar Year (Jan - Dec), 2018",Institutional Area,,,2158,1032,1011,3389,3169
India,Maharashtra,"Calendar Year (Jan - Dec), 2018",Market/ Commercial Area,,,3098,1643,1752,5250,4850
India,Maharashtra,"Calendar Year (Jan - Dec), 2018",Open Area,3,4,9926,7480,5395,17826,15321
India,Maharashtra,"Calendar Year (Jan - Dec), 2018",Others,,,4,2,10,16,14
India,Maharashtra,"Calendar Year (Jan - Dec), 2018",Residential Area,,,5149,3104,2862,9236,8011
India,Manipur,"Calendar Year (Jan - Dec), 2018",Institutional Area,,,10,6,72,48,82
India,Manipur,"Calendar Year (Jan - Dec), 2018",Market/ Commercial Area,,,37,14,146,101,183
India,Manipur,"Calendar Year (Jan - Dec), 2018",Open Area,25,26,142,72,220,225,362
India,Manipur,"Calendar Year (Jan - Dec), 2018",Others,,,31,6,38,32,69
India,Manipur,"Calendar Year (Jan - Dec), 2018",Residential Area,,,82,36,264,195,346
India,Meghalaya,"Calendar Year (Jan - Dec), 2018",Institutional Area,,,4,6,1,12,5
India,Meghalaya,"Calendar Year (Jan - Dec), 2018",Market/ Commercial Area,,,4,15,6,28,10
India,Meghalaya,"Calendar Year (Jan - Dec), 2018",Open Area,29,30,11,49,16,77,27
India,Meghalaya,"Calendar Year (Jan - Dec), 2018",Others,,,65,63,59,185,124
India,Meghalaya,"Calendar Year (Jan - Dec), 2018",Residential Area,,,28,49,11,97,39
India,Mizoram,"Calendar Year (Jan - Dec), 2018",Institutional Area,,,0,0,1,1,1
India,Mizoram,"Calendar Year (Jan - Dec), 2018",Market/ Commercial Area,,,0,2,2,2,2
India,Mizoram,"Calendar Year (Jan - Dec), 2018",Open Area,32,33,24,21,33,23,57
India,Mizoram,"Calendar Year (Jan - Dec), 2018",Others,,,0,1,0,1,0
India,Mizoram,"Calendar Year (Jan - Dec), 2018",Residential Area,,,6,21,14,26,20
India,Nagaland,"Calendar Year (Jan - Dec), 2018",Institutional Area,,,11,0,12,30,23
India,Nagaland,"Calendar Year (Jan - Dec), 2018",Market/ Commercial Area,,,54,9,61,186,115
India,Nagaland,"Calendar Year (Jan - Dec), 2018",Open Area,31,27,65,25,78,148,143
India,Nagaland,"Calendar Year (Jan - Dec), 2018",Others,,,0,2,0,2,0
India,Nagaland,"Calendar Year (Jan - Dec), 2018",Residential Area,,,14,3,40,64,54
India,Odisha,"Calendar Year (Jan - Dec), 2018",Institutional Area,,,495,285,423,775,918
India,Odisha,"Calendar Year (Jan - Dec), 2018",Market/ Commercial Area,,,984,827,739,1837,1723
India,Odisha,"Calendar Year (Jan - Dec), 2018",Open Area,12,14,2699,2496,2558,4920,5257
India,Odisha,"Calendar Year (Jan - Dec), 2018",Others,,,976,855,942,1834,1918
India,Odisha,"Calendar Year (Jan - Dec), 2018",Residential Area,,,1068,852,910,1896,1978
India,Puducherry,"Calendar Year (Jan - Dec), 2018",Institutional Area,,,80,33,183,237,263
India,Puducherry,"Calendar Year (Jan - Dec), 2018",Market/ Commercial Area,,,143,47,248,356,391
India,Puducherry,"Calendar Year (Jan - Dec), 2018",Open Area,26,24,156,69,353,461,509
India,Puducherry,"Calendar Year (Jan - Dec), 2018",Others,,,153,40,97,268,250
India,Puducherry,"Calendar Year (Jan - Dec), 2018",Residential Area,,,119,37,195,275,314
India,Punjab,"Calendar Year (Jan - Dec), 2018",Institutional Area,,,171,322,130,457,301
India,Punjab,"Calendar Year (Jan - Dec), 2018",Market/ Commercial Area,,,326,576,186,838,512
India,Punjab,"Calendar Year (Jan - Dec), 2018",Open Area,13,18,826,2322,430,2918,1256
India,Punjab,"Calendar Year (Jan - Dec), 2018",Others,,,233,406,96,559,329
India,Punjab,"Calendar Year (Jan - Dec), 2018",Residential Area,,,636,1114,350,1656,986
India,Rajasthan,"Calendar Year (Jan - Dec), 2018",Institutional Area,,,423,423,623,1020,1046
India,Rajasthan,"Calendar Year (Jan - Dec), 2018",Market/ Commercial Area,,,729,819,1674,2412,2403
India,Rajasthan,"Calendar Year (Jan - Dec), 2018",Open Area,4,6,3906,6996,9108,13108,13014
India,Rajasthan,"Calendar Year (Jan - Dec), 2018",Others,,,541,849,1169,1883,1710
India,Rajasthan,"Calendar Year (Jan - Dec), 2018",Residential Area,,,1118,1233,2256,3320,3374
India,Sikkim,"Calendar Year (Jan - Dec), 2018",Institutional Area,,,31,13,62,36,93
India,Sikkim,"Calendar Year (Jan - Dec), 2018",Market/ Commercial Area,,,42,11,31,20,73
India,Sikkim,"Calendar Year (Jan - Dec), 2018",Open Area,28,29,109,53,64,107,173
India,Sikkim,"Calendar Year (Jan - Dec), 2018",Others,,,0,0,0,0,0
India,Sikkim,"Calendar Year (Jan - Dec), 2018",Residential Area,,,14,8,17,17,31
India,Tamil Nadu,"Calendar Year (Jan - Dec), 2018",Institutional Area,,,571,890,4399,4288,4970
India,Tamil Nadu,"Calendar Year (Jan - Dec), 2018",Market/ Commercial Area,,,1291,1871,8783,9233,10074
India,Tamil Nadu,"Calendar Year (Jan - Dec), 2018",Open Area,5,2,2549,6636,38254,34223,40803
India,Tamil Nadu,"Calendar Year (Jan - Dec), 2018",Others,,,323,614,3624,3920,3947
India,Tamil Nadu,"Calendar Year (Jan - Dec), 2018",Residential Area,,,1265,2205,13478,12256,14743
India,Telangana,"Calendar Year (Jan - Dec), 2018",Institutional Area,,,81,262,793,789,874
India,Telangana,"Calendar Year (Jan - Dec), 2018",Market/ Commercial Area,,,363,700,3056,3619,3419
India,Telangana,"Calendar Year (Jan - Dec), 2018",Open Area,10,9,888,3224,8488,8135,9376
India,Telangana,"Calendar Year (Jan - Dec), 2018",Others,,,757,1537,5752,6375,6509
India,Telangana,"Calendar Year (Jan - Dec), 2018",Residential Area,,,232,880,3203,3312,3435
India,The Dadra and Nagar Haveli and Daman and Diu,"Calendar Year (Jan - Dec), 2018",Institutional Area,,,15.00000000000000000000,11.00000000000000000000,0.00000000000000000000,20.00000000000000000000,15.00000000000000000000
India,The Dadra and Nagar Haveli and Daman and Diu,"Calendar Year (Jan - Dec), 2018",Market/ Commercial Area,,,13.00000000000000000000,16.00000000000000000000,3.00000000000000000000,26.00000000000000000000,16.00000000000000000000
India,The Dadra and Nagar Haveli and Daman and Diu,"Calendar Year (Jan - Dec), 2018",Open Area,33,34,12.00000000000000000000,10.00000000000000000000,8.00000000000000000000,18.00000000000000000000,20.00000000000000000000
India,The Dadra and Nagar Haveli and Daman and Diu,"Calendar Year (Jan - Dec), 2018",Open Area,36,36,0.00000000000000000000,0.00000000000000000000,0.00000000000000000000,0.00000000000000000000,0.00000000000000000000
India,The Dadra and Nagar Haveli and Daman and Diu,"Calendar Year (Jan - Dec), 2018",Others,,,7.00000000000000000000,2.00000000000000000000,1.00000000000000000000,7.00000000000000000000,8.00000000000000000000
India,The Dadra and Nagar Haveli and Daman and Diu,"Calendar Year (Jan - Dec), 2018",Residential Area,,,66.00000000000000000000,50.00000000000000000000,35.00000000000000000000,85.00000000000000000000,101.00000000000000000000
India,Tripura,"Calendar Year (Jan - Dec), 2018",Institutional Area,,,101,28,2,85,103
India,Tripura,"Calendar Year (Jan - Dec), 2018",Market/ Commercial Area,,,127,31,2,97,129
India,Tripura,"Calendar Year (Jan - Dec), 2018",Open Area,27,28,214,62,3,130,217
India,Tripura,"Calendar Year (Jan - Dec), 2018",Others,,,0,0,0,0,0
India,Tripura,"Calendar Year (Jan - Dec), 2018",Residential Area,,,286,92,6,240,292
India,Uttar Pradesh,"Calendar Year (Jan - Dec), 2018",Institutional Area,,,2293,2481,1136,4959,3429
India,Uttar Pradesh,"Calendar Year (Jan - Dec), 2018",Market/ Commercial Area,,,3713,3599,1650,7384,5363
India,Uttar Pradesh,"Calendar Year (Jan - Dec), 2018",Open Area,2,5,6884,8351,3011,15131,9895
India,Uttar Pradesh,"Calendar Year (Jan - Dec), 2018",Others,,,3944,4188,1963,8048,5907
India,Uttar Pradesh,"Calendar Year (Jan - Dec), 2018",Residential Area,,,3483,3637,1587,7046,5070
India,Uttarakhand,"Calendar Year (Jan - Dec), 2018",Institutional Area,,,59,46,23,87,82
India,Uttarakhand,"Calendar Year (Jan - Dec), 2018",Market/ Commercial Area,,,205,167,28,286,233
India,Uttarakhand,"Calendar Year (Jan - Dec), 2018",Open Area,21,23,528,508,96,572,624
India,Uttarakhand,"Calendar Year (Jan - Dec), 2018",Others,,,288,186,36,234,324
India,Uttarakhand,"Calendar Year (Jan - Dec), 2018",Residential Area,,,261,140,47,289,308
India,West Bengal,"Calendar Year (Jan - Dec), 2018",Institutional Area,,,263,128,130,342,393
India,West Bengal,"Calendar Year (Jan - Dec), 2018",Market/ Commercial Area,,,1350,854,298,1911,1648
India,West Bengal,"Calendar Year (Jan - Dec), 2018",Open Area,14,13,3804,2105,1400,5238,5204
India,West Bengal,"Calendar Year (Jan - Dec), 2018",Others,,,1521,964,368,1839,1889
India,West Bengal,"Calendar Year (Jan - Dec), 2018",Residential Area,,,2439,1660,424,3375,2863
India,Andaman and Nicobar Islands,"Calendar Year (Jan - Dec), 2017",Institutional Area,,,4,2,20,24,
India,Andaman and Nicobar Islands,"Calendar Year (Jan - Dec), 2017",Market/ Commercial Area,,,25,8,31,53,
India,Andaman and Nicobar Islands,"Calendar Year (Jan - Dec), 2017",Open Area,,,11,3,61,31,
India,Andaman and Nicobar Islands,"Calendar Year (Jan - Dec), 2017",Others,,,13,3,36,38,
India,Andaman and Nicobar Islands,"Calendar Year (Jan - Dec), 2017",Residential Area,,,12,5,50,43,
India,Andhra Pradesh,"Calendar Year (Jan - Dec), 2017",Institutional Area,,,490,492,1034,1358,
India,Andhra Pradesh,"Calendar Year (Jan - Dec), 2017",Market/ Commercial Area,,,787,687,1618,2404,
India,Andhra Pradesh,"Calendar Year (Jan - Dec), 2017",Open Area,,,2903,4347,11126,13275,
India,Andhra Pradesh,"Calendar Year (Jan - Dec), 2017",Others,,,1258,798,2190,2772,
India,Andhra Pradesh,"Calendar Year (Jan - Dec), 2017",Residential Area,,,1740,1736,4329,5918,
India,Arunachal Pradesh,"Calendar Year (Jan - Dec), 2017",Institutional Area,,,27,19,24,38,
India,Arunachal Pradesh,"Calendar Year (Jan - Dec), 2017",Market/ Commercial Area,,,36,21,26,35,
India,Arunachal Pradesh,"Calendar Year (Jan - Dec), 2017",Open Area,,,59,26,28,57,
India,Arunachal Pradesh,"Calendar Year (Jan - Dec), 2017",Others,,,41,30,25,63,
India,Arunachal Pradesh,"Calendar Year (Jan - Dec), 2017",Residential Area,,,29,14,21,48,
India,Assam,"Calendar Year (Jan - Dec), 2017",Institutional Area,,,400,196,123,584,
India,Assam,"Calendar Year (Jan - Dec), 2017",Market/ Commercial Area,,,902,521,213,1324,
India,Assam,"Calendar Year (Jan - Dec), 2017",Open Area,,,1876,937,265,2456,
India,Assam,"Calendar Year (Jan - Dec), 2017",Others,,,910,690,386,1582,
India,Assam,"Calendar Year (Jan - Dec), 2017",Residential Area,,,923,439,165,1224,
India,Bihar,"Calendar Year (Jan - Dec), 2017",Institutional Area,,,316,406,170,665,
India,Bihar,"Calendar Year (Jan - Dec), 2017",Market/ Commercial Area,,,766,799,359,1448,
India,Bihar,"Calendar Year (Jan - Dec), 2017",Open Area,,,1584,2323,593,3536,
India,Bihar,"Calendar Year (Jan - Dec), 2017",Others,,,572,762,340,1273,
India,Bihar,"Calendar Year (Jan - Dec), 2017",Residential Area,,,971,1264,343,1933,
India,Chandigarh,"Calendar Year (Jan - Dec), 2017",Institutional Area,,,1,4,11,18,
India,Chandigarh,"Calendar Year (Jan - Dec), 2017",Market/ Commercial Area,,,1,10,34,41,
India,Chandigarh,"Calendar Year (Jan - Dec), 2017",Open Area,,,4,82,209,231,
India,Chandigarh,"Calendar Year (Jan - Dec), 2017",Others,,,0,0,1,1,
India,Chandigarh,"Calendar Year (Jan - Dec), 2017",Residential Area,,,1,11,40,51,
India,Chhattisgarh,"Calendar Year (Jan - Dec), 2017",Institutional Area,,,133,221,523,682,
India,Chhattisgarh,"Calendar Year (Jan - Dec), 2017",Market/ Commercial Area,,,239,553,1373,2134,
India,Chhattisgarh,"Calendar Year (Jan - Dec), 2017",Open Area,,,814,1968,4714,5798,
India,Chhattisgarh,"Calendar Year (Jan - Dec), 2017",Others,,,373,562,1667,2093,
India,Chhattisgarh,"Calendar Year (Jan - Dec), 2017",Residential Area,,,598,832,2116,2856,
India,Delhi,"Calendar Year (Jan - Dec), 2017",Institutional Area,,,56,72,212,263,
India,Delhi,"Calendar Year (Jan - Dec), 2017",Market/ Commercial Area,,,186,157,704,850,
India,Delhi,"Calendar Year (Jan - Dec), 2017",Open Area,,,501,897,2590,3285,
India,Delhi,"Calendar Year (Jan - Dec), 2017",Others,,,227,239,1039,1293,
India,Delhi,"Calendar Year (Jan - Dec), 2017",Residential Area,,,110,219,979,982,
India,Goa,"Calendar Year (Jan - Dec), 2017",Institutional Area,,,6,7,31,120,
India,Goa,"Calendar Year (Jan - Dec), 2017",Market/ Commercial Area,,,75,61,371,806,
India,Goa,"Calendar Year (Jan - Dec), 2017",Open Area,,,224,166,587,1810,
India,Goa,"Calendar Year (Jan - Dec), 2017",Others,,,0,0,0,0,
India,Goa,"Calendar Year (Jan - Dec), 2017",Residential Area,,,97,94,531,1181,
India,Gujarat,"Calendar Year (Jan - Dec), 2017",Institutional Area,,,759,493,768,1586,
India,Gujarat,"Calendar Year (Jan - Dec), 2017",Market/ Commercial Area,,,1064,684,1190,2430,
India,Gujarat,"Calendar Year (Jan - Dec), 2017",Open Area,,,4437,4453,4107,9933,
India,Gujarat,"Calendar Year (Jan - Dec), 2017",Others,,,338,308,529,764,
India,Gujarat,"Calendar Year (Jan - Dec), 2017",Residential Area,,,1852,1351,1758,4368,
India,Haryana,"Calendar Year (Jan - Dec), 2017",Institutional Area,,,224,363,677,908,
India,Haryana,"Calendar Year (Jan - Dec), 2017",Market/ Commercial Area,,,292,632,1122,1498,
India,Haryana,"Calendar Year (Jan - Dec), 2017",Open Area,,,1092,2096,3162,4774,
India,Haryana,"Calendar Year (Jan - Dec), 2017",Others,,,497,1226,1625,2240,
India,Haryana,"Calendar Year (Jan - Dec), 2017",Residential Area,,,323,803,1325,1838,
India,Himachal Pradesh,"Calendar Year (Jan - Dec), 2017",Institutional Area,,,58,38,171,141,
India,Himachal Pradesh,"Calendar Year (Jan - Dec), 2017",Market/ Commercial Area,,,174,97,355,421,
India,Himachal Pradesh,"Calendar Year (Jan - Dec), 2017",Open Area,,,663,700,2387,1490,
India,Himachal Pradesh,"Calendar Year (Jan - Dec), 2017",Others,,,223,135,433,436,
India,Himachal Pradesh,"Calendar Year (Jan - Dec), 2017",Residential Area,,,306,233,682,626,
India,Jammu and Kashmir,"Calendar Year (Jan - Dec), 2017",Institutional Area,,,70.42513392353041373520,14.67190290073550286150,77.27202194387364840390,126.17836494632532460890,
India,Jammu and Kashmir,"Calendar Year (Jan - Dec), 2017",Market/ Commercial Area,,,181.93159596912023548260,83.14078310416784954850,479.28216142402642680900,622.08868299118532132760,
India,Jammu and Kashmir,"Calendar Year (Jan - Dec), 2017",Open Area,,,2518.67666462626132455750,556.55418336790007521290,1569.89361037869880618050,2911.88366236597280124570,
India,Jammu and Kashmir,"Calendar Year (Jan - Dec), 2017",Others,,,706.20759295540220440020,163.34718562818859852470,706.20759295540220440020,1104.30522499535884870890,
India,Jammu and Kashmir,"Calendar Year (Jan - Dec), 2017",Residential Area,,,244.53171501225838102500,88.03141740441301716900,702.29508551520607030380,736.52952561692224364730,
India,Jharkhand,"Calendar Year (Jan - Dec), 2017",Institutional Area,,,289,264,57,504,
India,Jharkhand,"Calendar Year (Jan - Dec), 2017",Market/ Commercial Area,,,734,671,172,1178,
India,Jharkhand,"Calendar Year (Jan - Dec), 2017",Open Area,,,1013,952,192,1504,
India,Jharkhand,"Calendar Year (Jan - Dec), 2017",Others,,,734,761,161,1005,
India,Jharkhand,"Calendar Year (Jan - Dec), 2017",Residential Area,,,427,608,139,1007,
India,Karnataka,"Calendar Year (Jan - Dec), 2017",Institutional Area,,,1233,333,1762,2123,
India,Karnataka,"Calendar Year (Jan - Dec), 2017",Market/ Commercial Area,,,2522,704,2032,3681,
India,Karnataka,"Calendar Year (Jan - Dec), 2017",Open Area,,,16404,8706,23460,32179,
India,Karnataka,"Calendar Year (Jan - Dec), 2017",Others,,,418,218,1005,853,
India,Karnataka,"Calendar Year (Jan - Dec), 2017",Residential Area,,,1914,648,2211,3706,
India,Kerala,"Calendar Year (Jan - Dec), 2017",Institutional Area,,,2004,252,873,2535,
India,Kerala,"Calendar Year (Jan - Dec), 2017",Market/ Commercial Area,,,1372,198,983,1689,
India,Kerala,"Calendar Year (Jan - Dec), 2017",Open Area,,,19211,2530,7234,24681,
India,Kerala,"Calendar Year (Jan - Dec), 2017",Others,,,0,0,0,0,
India,Kerala,"Calendar Year (Jan - Dec), 2017",Residential Area,,,7146,1151,3848,9565,
India,Ladakh,"Calendar Year (Jan - Dec), 2017",Institutional Area,,,1.57486607646958626480,0.32809709926449713850,1.72797805612635159610,2.82163505367467539110,
India,Ladakh,"Calendar Year (Jan - Dec), 2017",Market/ Commercial Area,,,4.06840403087976451740,1.85921689583215045150,10.71783857597357319100,13.91131700881467867240,
India,Ladakh,"Calendar Year (Jan - Dec), 2017",Open Area,,,56.32333537373867544250,12.44581663209992478710,35.10638962130119381950,65.11633763402719875430,
India,Ladakh,"Calendar Year (Jan - Dec), 2017",Others,,,15.79240704459779559980,3.65281437181140147530,15.79240704459779559980,24.69477500464115129110,
India,Ladakh,"Calendar Year (Jan - Dec), 2017",Residential Area,,,5.46828498774161897500,1.96858259558698283100,15.70491448479392969620,16.47047438307775635270,
India,Lakshadweep,"Calendar Year (Jan - Dec), 2017",Institutional Area,,,0,0,0,0,
India,Lakshadweep,"Calendar Year (Jan - Dec), 2017",Market/ Commercial Area,,,0,0,0,0,
India,Lakshadweep,"Calendar Year (Jan - Dec), 2017",Open Area,,,0,0,0,0,
India,Lakshadweep,"Calendar Year (Jan - Dec), 2017",Others,,,1,0,0,1,
India,Lakshadweep,"Calendar Year (Jan - Dec), 2017",Residential Area,,,0,0,0,0,
India,Madhya Pradesh,"Calendar Year (Jan - Dec), 2017",Institutional Area,,,238,320,1787,2010,
India,Madhya Pradesh,"Calendar Year (Jan - Dec), 2017",Market/ Commercial Area,,,777,775,5544,6166,
India,Madhya Pradesh,"Calendar Year (Jan - Dec), 2017",Open Area,,,2754,5056,21240,21148,
India,Madhya Pradesh,"Calendar Year (Jan - Dec), 2017",Others,,,1467,2174,12391,13279,
India,Madhya Pradesh,"Calendar Year (Jan - Dec), 2017",Residential Area,,,1479,1852,9855,10796,
India,Maharashtra,"Calendar Year (Jan - Dec), 2017",Institutional Area,,,1405,653,819,2637,
India,Maharashtra,"Calendar Year (Jan - Dec), 2017",Market/ Commercial Area,,,2216,1226,1088,3908,
India,Maharashtra,"Calendar Year (Jan - Dec), 2017",Open Area,,,13863,8598,7811,23802,
India,Maharashtra,"Calendar Year (Jan - Dec), 2017",Others,,,0,0,0,0,
India,Maharashtra,"Calendar Year (Jan - Dec), 2017",Residential Area,,,2981,1787,1945,5506,
India,Manipur,"Calendar Year (Jan - Dec), 2017",Institutional Area,,,8,7,48,32,
India,Manipur,"Calendar Year (Jan - Dec), 2017",Market/ Commercial Area,,,25,13,150,107,
India,Manipur,"Calendar Year (Jan - Dec), 2017",Open Area,,,169,73,224,214,
India,Manipur,"Calendar Year (Jan - Dec), 2017",Others,,,16,2,21,20,
India,Manipur,"Calendar Year (Jan - Dec), 2017",Residential Area,,,43,41,323,205,
India,Meghalaya,"Calendar Year (Jan - Dec), 2017",Institutional Area,,,47,31,21,120,
India,Meghalaya,"Calendar Year (Jan - Dec), 2017",Market/ Commercial Area,,,62,49,36,193,
India,Meghalaya,"Calendar Year (Jan - Dec), 2017",Open Area,,,70,41,18,163,
India,Meghalaya,"Calendar Year (Jan - Dec), 2017",Others,,,38,34,15,99,
India,Meghalaya,"Calendar Year (Jan - Dec), 2017",Residential Area,,,36,27,11,100,
India,Mizoram,"Calendar Year (Jan - Dec), 2017",Institutional Area,,,7,1,2,1,
India,Mizoram,"Calendar Year (Jan - Dec), 2017",Market/ Commercial Area,,,1,2,1,2,
India,Mizoram,"Calendar Year (Jan - Dec), 2017",Open Area,,,3,14,3,18,
India,Mizoram,"Calendar Year (Jan - Dec), 2017",Others,,,8,23,10,20,
India,Mizoram,"Calendar Year (Jan - Dec), 2017",Residential Area,,,8,20,12,27,
India,Nagaland,"Calendar Year (Jan - Dec), 2017",Institutional Area,,,17,2,22,50,
India,Nagaland,"Calendar Year (Jan - Dec), 2017",Market/ Commercial Area,,,71,16,125,285,
India,Nagaland,"Calendar Year (Jan - Dec), 2017",Open Area,,,12,13,32,68,
India,Nagaland,"Calendar Year (Jan - Dec), 2017",Others,,,2,6,20,37,
India,Nagaland,"Calendar Year (Jan - Dec), 2017",Residential Area,,,20,4,54,91,
India,Odisha,"Calendar Year (Jan - Dec), 2017",Institutional Area,,,449,280,410,721,
India,Odisha,"Calendar Year (Jan - Dec), 2017",Market/ Commercial Area,,,1110,795,809,2057,
India,Odisha,"Calendar Year (Jan - Dec), 2017",Open Area,,,2345,2174,2320,4433,
India,Odisha,"Calendar Year (Jan - Dec), 2017",Others,,,1067,831,917,1903,
India,Odisha,"Calendar Year (Jan - Dec), 2017",Residential Area,,,940,710,831,1741,
India,Puducherry,"Calendar Year (Jan - Dec), 2017",Institutional Area,,,48,23,107,140,
India,Puducherry,"Calendar Year (Jan - Dec), 2017",Market/ Commercial Area,,,169,61,302,460,
India,Puducherry,"Calendar Year (Jan - Dec), 2017",Open Area,,,133,77,341,531,
India,Puducherry,"Calendar Year (Jan - Dec), 2017",Others,,,121,30,188,241,
India,Puducherry,"Calendar Year (Jan - Dec), 2017",Residential Area,,,141,42,191,321,
India,Punjab,"Calendar Year (Jan - Dec), 2017",Institutional Area,,,251,568,192,597,
India,Punjab,"Calendar Year (Jan - Dec), 2017",Market/ Commercial Area,,,397,517,146,888,
India,Punjab,"Calendar Year (Jan - Dec), 2017",Open Area,,,1591,2297,473,3238,
India,Punjab,"Calendar Year (Jan - Dec), 2017",Others,,,0,0,0,0,
India,Punjab,"Calendar Year (Jan - Dec), 2017",Residential Area,,,970,1081,198,1550,
India,Rajasthan,"Calendar Year (Jan - Dec), 2017",Institutional Area,,,286,251,526,749,
India,Rajasthan,"Calendar Year (Jan - Dec), 2017",Market/ Commercial Area,,,792,858,1739,2456,
India,Rajasthan,"Calendar Year (Jan - Dec), 2017",Open Area,,,3705,7119,9581,13490,
India,Rajasthan,"Calendar Year (Jan - Dec), 2017",Others,,,560,655,1092,1537,
India,Rajasthan,"Calendar Year (Jan - Dec), 2017",Residential Area,,,1140,1561,2650,3880,
India,Sikkim,"Calendar Year (Jan - Dec), 2017",Institutional Area,,,8,4,10,6,
India,Sikkim,"Calendar Year (Jan - Dec), 2017",Market/ Commercial Area,,,13,4,9,12,
India,Sikkim,"Calendar Year (Jan - Dec), 2017",Open Area,,,112,54,134,104,
India,Sikkim,"Calendar Year (Jan - Dec), 2017",Others,,,46,4,59,22,
India,Sikkim,"Calendar Year (Jan - Dec), 2017",Residential Area,,,30,12,58,52,
India,Tamil Nadu,"Calendar Year (Jan - Dec), 2017",Institutional Area,,,567,1195,4461,4471,
India,Tamil Nadu,"Calendar Year (Jan - Dec), 2017",Market/ Commercial Area,,,1350,2237,8394,9322,
India,Tamil Nadu,"Calendar Year (Jan - Dec), 2017",Open Area,,,2749,8806,35720,32635,
India,Tamil Nadu,"Calendar Year (Jan - Dec), 2017",Others,,,670,836,3758,4470,
India,Tamil Nadu,"Calendar Year (Jan - Dec), 2017",Residential Area,,,1252,3083,15650,14664,
India,Telangana,"Calendar Year (Jan - Dec), 2017",Institutional Area,,,48,294,991,1116,
India,Telangana,"Calendar Year (Jan - Dec), 2017",Market/ Commercial Area,,,253,654,3019,3371,
India,Telangana,"Calendar Year (Jan - Dec), 2017",Open Area,,,808,3443,10181,9315,
India,Telangana,"Calendar Year (Jan - Dec), 2017",Others,,,372,1349,4723,5150,
India,Telangana,"Calendar Year (Jan - Dec), 2017",Residential Area,,,242,856,3353,3532,
India,The Dadra and Nagar Haveli and Daman and Diu,"Calendar Year (Jan - Dec), 2017",Institutional Area,,,8.00000000000000000000,4.00000000000000000000,1.00000000000000000000,7.00000000000000000000,
India,The Dadra and Nagar Haveli and Daman and Diu,"Calendar Year (Jan - Dec), 2017",Market/ Commercial Area,,,14.00000000000000000000,23.00000000000000000000,3.00000000000000000000,37.00000000000000000000,
India,The Dadra and Nagar Haveli and Daman and Diu,"Calendar Year (Jan - Dec), 2017",Open Area,,,10.00000000000000000000,6.00000000000000000000,0.00000000000000000000,13.00000000000000000000,
India,The Dadra and Nagar Haveli and Daman and Diu,"Calendar Year (Jan - Dec), 2017",Others,,,51.00000000000000000000,39.00000000000000000000,14.00000000000000000000,66.00000000000000000000,
India,The Dadra and Nagar Haveli and Daman and Diu,"Calendar Year (Jan - Dec), 2017",Residential Area,,,23.00000000000000000000,7.00000000000000000000,6.00000000000000000000,23.00000000000000000000,
India,Tripura,"Calendar Year (Jan - Dec), 2017",Institutional Area,,,75,22,0,60,
India,Tripura,"Calendar Year (Jan - Dec), 2017",Market/ Commercial Area,,,122,29,2,102,
India,Tripura,"Calendar Year (Jan - Dec), 2017",Open Area,,,280,56,5,167,
India,Tripura,"Calendar Year (Jan - Dec), 2017",Others,,,0,0,0,0,
India,Tripura,"Calendar Year (Jan - Dec), 2017",Residential Area,,,233,54,1,174,
India,Uttar Pradesh,"Calendar Year (Jan - Dec), 2017",Institutional Area,,,2073,2226,1026,4548,
India,Uttar Pradesh,"Calendar Year (Jan - Dec), 2017",Market/ Commercial Area,,,3077,2944,1435,6082,
India,Uttar Pradesh,"Calendar Year (Jan - Dec), 2017",Open Area,,,7160,7599,2705,13828,
India,Uttar Pradesh,"Calendar Year (Jan - Dec), 2017",Others,,,3417,3827,1594,7448,
India,Uttar Pradesh,"Calendar Year (Jan - Dec), 2017",Residential Area,,,3422,3528,1585,6877,
India,Uttarakhand,"Calendar Year (Jan - Dec), 2017",Institutional Area,,,79,77,11,139,
India,Uttarakhand,"Calendar Year (Jan - Dec), 2017",Market/ Commercial Area,,,224,137,37,281,
India,Uttarakhand,"Calendar Year (Jan - Dec), 2017",Open Area,,,760,549,168,825,
India,Uttarakhand,"Calendar Year (Jan - Dec), 2017",Others,,,175,59,18,137,
India,Uttarakhand,"Calendar Year (Jan - Dec), 2017",Residential Area,,,142,120,17,221,
India,West Bengal,"Calendar Year (Jan - Dec), 2017",Institutional Area,,,335,268,115,588,
India,West Bengal,"Calendar Year (Jan - Dec), 2017",Market/ Commercial Area,,,1168,831,262,1809,
India,West Bengal,"Calendar Year (Jan - Dec), 2017",Open Area,,,2152,1593,600,2760,
India,West Bengal,"Calendar Year (Jan - Dec), 2017",Others,,,2260,1545,478,3121,
India,West Bengal,"Calendar Year (Jan - Dec), 2017",Residential Area,,,2271,1532,450,3353,
